[2026-02-28 17:40:08] Base directory: /Users/yolina/Desktop/Container_packing_optimizer/app
[2026-02-28 17:40:08] Excel input: /Users/yolina/Desktop/Container_packing_optimizer/app/sample_instances/input.xlsx
[2026-02-28 17:40:08] === STEP 1: Parsing Excel ===
[2026-02-28 17:40:08] === STEP 2: Building Row-Blocks ===
[2026-02-28 17:40:08] === STEP 3: Solving Containers ===
[2026-02-28 17:40:08] === ALL CONTAINERS SOLVED ===
[2026-02-28 17:40:08] Wrote containers: /Users/yolina/Desktop/Container_packing_optimizer/app/outputs/containers.json
[2026-02-28 17:40:08] Wrote summary: /Users/yolina/Desktop/Container_packing_optimizer/app/outputs/summary.txt
[2026-02-28 18:05:56] Base directory: /Users/yolina/Desktop/Container_packing_optimizer/app
[2026-02-28 18:05:56] Excel input: /Users/yolina/Desktop/Container_packing_optimizer/app/sample_instances/input_final.xlsx
[2026-02-28 18:05:56] === STEP 1: Parsing Excel ===
[2026-02-28 18:05:56] === STEP 2: Building Row-Blocks ===
[2026-02-28 18:05:56] === STEP 3: Solving Containers ===
[2026-02-28 18:05:56] === ALL CONTAINERS SOLVED ===
[2026-02-28 18:05:56] Wrote containers: /Users/yolina/Desktop/Container_packing_optimizer/app/outputs/containers.json
[2026-02-28 18:05:56] Wrote summary: /Users/yolina/Desktop/Container_packing_optimizer/app/outputs/summary.txt
[2026-02-28 18:06:38] Base directory: /Users/yolina/Desktop/Container_packing_optimizer/app
[2026-02-28 18:06:38] Excel input: /Users/yolina/Desktop/Container_packing_optimizer/app/sample_instances/input_final.xlsx
[2026-02-28 18:06:38] === STEP 1: Parsing Excel ===
[2026-02-28 18:06:38] === STEP 2: Building Row-Blocks ===
[2026-02-28 18:06:38] === STEP 3: Solving Containers ===
[2026-02-28 18:06:38] === ALL CONTAINERS SOLVED ===
[2026-02-28 18:06:38] Wrote containers: /Users/yolina/Desktop/Container_packing_optimizer/app/outputs/containers.json
[2026-02-28 18:06:38] Wrote summary: /Users/yolina/Desktop/Container_packing_optimizer/app/outputs/summary.txt
[2026-02-28 18:09:58] Base directory: /Users/yolina/Desktop/Container_packing_optimizer/app
[2026-02-28 18:09:58] Excel input: /Users/yolina/Desktop/Container_packing_optimizer/app/sample_instances/input_final.xlsx
[2026-02-28 18:09:58] === STEP 1: Parsing Excel ===
[2026-02-28 18:09:58] === STEP 2: Building Row-Blocks ===
[2026-02-28 18:09:58] === STEP 3: Solving Containers ===
[2026-02-28 18:09:58] === ALL CONTAINERS SOLVED ===
[2026-02-28 18:09:58] Wrote containers: /Users/yolina/Desktop/Container_packing_optimizer/app/outputs/containers.json
[2026-02-28 18:09:58] Wrote summary: /Users/yolina/Desktop/Container_packing_optimizer/app/outputs/summary.txt
[2026-02-28 18:10:35] Base directory: /Users/yolina/Desktop/Container_packing_optimizer/app
[2026-02-28 18:10:35] Excel input: /Users/yolina/Desktop/Container_packing_optimizer/app/sample_instances/input_final.xlsx
[2026-02-28 18:10:35] === STEP 1: Parsing Excel ===
[2026-02-28 18:10:35] === STEP 2: Building Row-Blocks ===
[2026-02-28 18:10:35] === STEP 3: Solving Containers ===
[2026-02-28 18:10:35] === ALL CONTAINERS SOLVED ===
[2026-02-28 18:10:35] Wrote containers: /Users/yolina/Desktop/Container_packing_optimizer/app/outputs/containers.json
[2026-02-28 18:10:35] Wrote summary: /Users/yolina/Desktop/Container_packing_optimizer/app/outputs/summary.txt
[2026-02-28 18:16:16] Base directory: /Users/yolina/Desktop/Container_packing_optimizer/app
[2026-02-28 18:16:16] Excel input: /Users/yolina/Desktop/Container_packing_optimizer/app/sample_instances/input_final.xlsx
[2026-02-28 18:16:16] === STEP 1: Parsing Excel ===
[2026-02-28 18:16:16] === STEP 2: Building Row-Blocks ===
[2026-02-28 18:16:16] === STEP 3: Solving Containers ===
[2026-02-28 18:16:16] === ALL CONTAINERS SOLVED ===
[2026-02-28 18:16:16] Wrote containers: /Users/yolina/Desktop/Container_packing_optimizer/app/outputs/containers.json
[2026-02-28 18:16:16] Wrote summary: /Users/yolina/Desktop/Container_packing_optimizer/app/outputs/summary.txt
[2026-02-28 18:16:29] Base directory: /Users/yolina/Desktop/Container_packing_optimizer/app
[2026-02-28 18:16:29] Excel input: /Users/yolina/Desktop/Container_packing_optimizer/app/sample_instances/input_final.xlsx
[2026-02-28 18:16:29] === STEP 1: Parsing Excel ===
[2026-02-28 18:16:29] === STEP 2: Building Row-Blocks ===
[2026-02-28 18:16:29] === STEP 3: Solving Containers ===
[2026-02-28 18:16:29] === ALL CONTAINERS SOLVED ===
[2026-02-28 18:16:29] Wrote containers: /Users/yolina/Desktop/Container_packing_optimizer/app/outputs/containers.json
[2026-02-28 18:16:29] Wrote summary: /Users/yolina/Desktop/Container_packing_optimizer/app/outputs/summary.txt
[2026-02-28 18:17:34] Base directory: /Users/yolina/Desktop/Container_packing_optimizer/app
[2026-02-28 18:17:34] Excel input: /Users/yolina/Desktop/Container_packing_optimizer/app/sample_instances/input_final.xlsx
[2026-02-28 18:17:34] === STEP 1: Parsing Excel ===
[2026-02-28 18:17:34] === STEP 2: Building Row-Blocks ===
[2026-02-28 18:17:34] === STEP 3: Solving Containers ===
[2026-02-28 18:17:34] === ALL CONTAINERS SOLVED ===
[2026-02-28 18:17:34] Wrote containers: /Users/yolina/Desktop/Container_packing_optimizer/app/outputs/containers.json
[2026-02-28 18:17:34] Wrote summary: /Users/yolina/Desktop/Container_packing_optimizer/app/outputs/summary.txt
[2026-02-28 18:17:48] Base directory: /Users/yolina/Desktop/Container_packing_optimizer/app
[2026-02-28 18:17:48] Excel input: /Users/yolina/Desktop/Container_packing_optimizer/app/sample_instances/input_final.xlsx
[2026-02-28 18:17:48] === STEP 1: Parsing Excel ===
[2026-02-28 18:17:48] === STEP 2: Building Row-Blocks ===
[2026-02-28 18:17:48] === STEP 3: Solving Containers ===
[2026-02-28 18:17:48] === ALL CONTAINERS SOLVED ===
[2026-02-28 18:17:48] Wrote containers: /Users/yolina/Desktop/Container_packing_optimizer/app/outputs/containers.json
[2026-02-28 18:17:48] Wrote summary: /Users/yolina/Desktop/Container_packing_optimizer/app/outputs/summary.txt
[2026-02-28 18:22:46] Base directory: /Users/yolina/Desktop/Container_packing_optimizer/app
[2026-02-28 18:22:46] Excel input: /Users/yolina/Desktop/Container_packing_optimizer/app/sample_instances/input_final.xlsx
[2026-02-28 18:22:46] === STEP 1: Parsing Excel ===
[2026-02-28 18:22:46] === STEP 2: Building Row-Blocks ===
[2026-02-28 18:22:46] === STEP 3: Solving Containers ===
[2026-02-28 18:22:46] === ALL CONTAINERS SOLVED ===
[2026-02-28 18:22:46] Wrote containers: /Users/yolina/Desktop/Container_packing_optimizer/app/outputs/containers.json
[2026-02-28 18:22:46] Wrote summary: /Users/yolina/Desktop/Container_packing_optimizer/app/outputs/summary.txt
[2026-02-28 18:30:56] Base directory: /Users/yolina/Desktop/Container_packing_optimizer/app
[2026-02-28 18:30:56] Excel input: /Users/yolina/Desktop/Container_packing_optimizer/app/sample_instances/input_final.xlsx
[2026-02-28 18:30:56] === STEP 1: Parsing Excel ===
[2026-02-28 18:30:56] === STEP 2: Building Row-Blocks ===
[2026-02-28 18:30:56] === STEP 3: Solving Containers ===
[2026-02-28 18:30:56] === ALL CONTAINERS SOLVED ===
[2026-02-28 18:30:56] Wrote containers: /Users/yolina/Desktop/Container_packing_optimizer/app/outputs/containers.json
[2026-02-28 18:30:56] Wrote summary: /Users/yolina/Desktop/Container_packing_optimizer/app/outputs/summary.txt
[2026-02-28 19:23:50] Base directory: /Users/yolina/Desktop/Container_packing_optimizer/app
[2026-02-28 19:23:50] Excel input: /Users/yolina/Desktop/Container_packing_optimizer/app/sample_instances/input_final.xlsx
[2026-02-28 19:23:50] === STEP 1: Parsing Excel ===
[2026-02-28 19:23:51] === STEP 2: Building Row-Blocks ===
[2026-02-28 19:23:51] === STEP 3: Solving Containers ===
[2026-02-28 19:23:51] === ALL CONTAINERS SOLVED ===
[2026-02-28 19:23:51] Wrote containers: /Users/yolina/Desktop/Container_packing_optimizer/app/outputs/containers.json
[2026-02-28 19:23:51] Wrote summary: /Users/yolina/Desktop/Container_packing_optimizer/app/outputs/summary.txt
[2026-02-28 19:24:22] Base directory: /Users/yolina/Desktop/Container_packing_optimizer/app
[2026-02-28 19:24:22] Excel input: /Users/yolina/Desktop/Container_packing_optimizer/app/sample_instances/input_final.xlsx
[2026-02-28 19:24:22] === STEP 1: Parsing Excel ===
[2026-02-28 19:24:22] === STEP 2: Building Row-Blocks ===
[2026-02-28 19:24:22] === STEP 3: Solving Containers ===
[2026-02-28 19:24:22] === ALL CONTAINERS SOLVED ===
[2026-02-28 19:24:22] Wrote containers: /Users/yolina/Desktop/Container_packing_optimizer/app/outputs/containers.json
[2026-02-28 19:24:22] Wrote summary: /Users/yolina/Desktop/Container_packing_optimizer/app/outputs/summary.txt
[2026-02-28 19:38:48] Base directory: /Users/yolina/Desktop/Container_packing_optimizer/app
[2026-02-28 19:38:48] Excel input: /Users/yolina/Desktop/Container_packing_optimizer/app/sample_instances/input_final.xlsx
[2026-02-28 19:38:48] === STEP 1: Parsing Excel ===
[2026-02-28 19:38:48] === STEP 2: Building Row-Blocks ===
[2026-02-28 19:38:48] === STEP 3: Solving Containers ===
[2026-02-28 19:38:48] === ALL CONTAINERS SOLVED ===
[2026-02-28 19:38:48] Wrote containers: /Users/yolina/Desktop/Container_packing_optimizer/app/outputs/containers.json
[2026-02-28 19:38:48] Wrote summary: /Users/yolina/Desktop/Container_packing_optimizer/app/outputs/summary.txt
[2026-02-28 19:39:01] Base directory: /Users/yolina/Desktop/Container_packing_optimizer/app
[2026-02-28 19:39:01] Excel input: /Users/yolina/Desktop/Container_packing_optimizer/app/sample_instances/input_final.xlsx
[2026-02-28 19:39:01] === STEP 1: Parsing Excel ===
[2026-02-28 19:39:01] === STEP 2: Building Row-Blocks ===
[2026-02-28 19:39:01] === STEP 3: Solving Containers ===
[2026-02-28 19:39:01] === ALL CONTAINERS SOLVED ===
[2026-02-28 19:39:01] Wrote containers: /Users/yolina/Desktop/Container_packing_optimizer/app/outputs/containers.json
[2026-02-28 19:39:01] Wrote summary: /Users/yolina/Desktop/Container_packing_optimizer/app/outputs/summary.txt
[2026-02-28 19:48:47] Base directory: /Users/yolina/Desktop/Container_packing_optimizer/app
[2026-02-28 19:48:47] Excel input: /Users/yolina/Desktop/Container_packing_optimizer/app/sample_instances/input_final.xlsx
[2026-02-28 19:48:47] === STEP 1: Parsing Excel ===
[2026-02-28 19:48:47] === STEP 2: Building Row-Blocks ===
[2026-02-28 19:48:47] Wrote summary: /Users/yolina/Desktop/Container_packing_optimizer/app/outputs/summary.txt
[2026-02-28 19:48:53] Base directory: /Users/yolina/Desktop/Container_packing_optimizer/app
[2026-02-28 19:48:53] Excel input: /Users/yolina/Desktop/Container_packing_optimizer/app/sample_instances/input_final.xlsx
[2026-02-28 19:48:53] === STEP 1: Parsing Excel ===
[2026-02-28 19:48:53] === STEP 2: Building Row-Blocks ===
[2026-02-28 19:48:53] Wrote summary: /Users/yolina/Desktop/Container_packing_optimizer/app/outputs/summary.txt
[2026-02-28 19:49:32] Base directory: /Users/yolina/Desktop/Container_packing_optimizer/app
[2026-02-28 19:49:32] Excel input: /Users/yolina/Desktop/Container_packing_optimizer/app/sample_instances/input_final.xlsx
[2026-02-28 19:49:32] === STEP 1: Parsing Excel ===
[2026-02-28 19:49:33] === STEP 2: Building Row-Blocks ===
[2026-02-28 19:49:33] === STEP 3: Solving Containers ===
[2026-02-28 19:49:34] === STEP 7: Assigning NP Boxes ===
[2026-02-28 19:49:34] === ALL CONTAINERS SOLVED ===
[2026-02-28 19:49:34] Wrote containers: /Users/yolina/Desktop/Container_packing_optimizer/app/outputs/containers.json
[2026-02-28 19:49:34] Wrote summary: /Users/yolina/Desktop/Container_packing_optimizer/app/outputs/summary.txt
[2026-02-28 19:51:07] Base directory: /Users/yolina/Desktop/Container_packing_optimizer/app
[2026-02-28 19:51:07] Excel input: /Users/yolina/Desktop/Container_packing_optimizer/app/sample_instances/input_final.xlsx
[2026-02-28 19:51:07] === STEP 1: Parsing Excel ===
[2026-02-28 19:51:07] === STEP 2: Building Row-Blocks ===
[2026-02-28 19:51:07] === STEP 3: Solving Containers ===
[2026-02-28 19:51:09] === STEP 7: Assigning NP Boxes ===
[2026-02-28 19:51:09] === ALL CONTAINERS SOLVED ===
[2026-02-28 19:51:09] Wrote containers: /Users/yolina/Desktop/Container_packing_optimizer/app/outputs/containers.json
[2026-02-28 19:51:09] Wrote summary: /Users/yolina/Desktop/Container_packing_optimizer/app/outputs/summary.txt
[2026-02-28 19:54:30] Base directory: /Users/yolina/Desktop/Container_packing_optimizer/app
[2026-02-28 19:54:30] Excel input: /Users/yolina/Desktop/Container_packing_optimizer/app/sample_instances/input_final.xlsx
[2026-02-28 19:54:30] === STEP 1: Parsing Excel ===
[2026-02-28 19:54:30] === STEP 2: Building Row-Blocks ===
[2026-02-28 19:54:30] === STEP 3: Solving Containers ===
[2026-02-28 19:54:32] === STEP 7: Assigning NP Boxes ===
[2026-02-28 19:54:32] === ALL CONTAINERS SOLVED ===
[2026-02-28 19:54:32] Wrote containers: /Users/yolina/Desktop/Container_packing_optimizer/app/outputs/containers.json
[2026-02-28 19:54:32] Wrote summary: /Users/yolina/Desktop/Container_packing_optimizer/app/outputs/summary.txt
[2026-02-28 19:55:12] Base directory: /Users/yolina/Desktop/Container_packing_optimizer/app
[2026-02-28 19:55:12] Excel input: /Users/yolina/Desktop/Container_packing_optimizer/app/sample_instances/input_final.xlsx
[2026-02-28 19:55:12] === STEP 1: Parsing Excel ===
[2026-02-28 19:55:12] === STEP 2: Building Row-Blocks ===
[2026-02-28 19:55:12] === STEP 3: Solving Containers ===
[2026-02-28 19:55:14] === STEP 7: Assigning NP Boxes ===
[2026-02-28 19:55:14] === ALL CONTAINERS SOLVED ===
[2026-02-28 19:55:14] Wrote containers: /Users/yolina/Desktop/Container_packing_optimizer/app/outputs/containers.json
[2026-02-28 19:55:14] Wrote summary: /Users/yolina/Desktop/Container_packing_optimizer/app/outputs/summary.txt
[2026-03-01 18:41:31] Base directory: /Users/yolina/Desktop/Container_packing_optimizer/app
[2026-03-01 18:41:31] Excel input: /Users/yolina/Desktop/Container_packing_optimizer/app/sample_instances/input_final.xlsx
[2026-03-01 18:41:31] === STEP 1: Parsing Excel ===
[2026-03-01 18:41:31] === STEP 2: Building Row-Blocks ===
[2026-03-01 18:41:31] === STEP 3: Solving Containers ===
[2026-03-01 18:41:33] === STEP 7: Assigning NP Boxes ===
[2026-03-01 18:41:33] === STEP 8: Fill Recommendations ===
[2026-03-01 18:41:33] Wrote recommendations: /Users/yolina/Desktop/Container_packing_optimizer/app/outputs/recommendations.json
[2026-03-01 18:41:33] === ALL CONTAINERS SOLVED ===
[2026-03-01 18:41:33] Wrote containers: /Users/yolina/Desktop/Container_packing_optimizer/app/outputs/containers.json
[2026-03-01 18:41:33] Wrote summary: /Users/yolina/Desktop/Container_packing_optimizer/app/outputs/summary.txt
[2026-03-01 20:15:59] Base directory: /Users/yolina/Desktop/Container_packing_optimizer/app
[2026-03-01 20:15:59] Excel input: /Users/yolina/Desktop/Container_packing_optimizer/app/sample_instances/input_final.xlsx
[2026-03-01 20:15:59] === STEP 1: Parsing Excel ===
[2026-03-01 20:16:00] === STEP 2: Building Row-Blocks ===
[2026-03-01 20:16:00] === STEP 3: Solving Containers ===
[2026-03-01 20:16:01] === STEP 7: Assigning NP Boxes ===
[2026-03-01 20:16:01] === STEP 8: Fill Recommendations ===
[2026-03-01 20:16:01] Wrote recommendations: /Users/yolina/Desktop/Container_packing_optimizer/app/outputs/recommendations.json
[2026-03-01 20:16:01] === ALL CONTAINERS SOLVED ===
[2026-03-01 20:16:01] Wrote containers: /Users/yolina/Desktop/Container_packing_optimizer/app/outputs/containers.json
[2026-03-01 20:16:01] Wrote summary: /Users/yolina/Desktop/Container_packing_optimizer/app/outputs/summary.txt
[2026-03-01 20:16:27] Base directory: /Users/yolina/Desktop/Container_packing_optimizer/app
[2026-03-01 20:16:27] Excel input: /Users/yolina/Desktop/Container_packing_optimizer/app/sample_instances/input_final.xlsx
[2026-03-01 20:16:27] === STEP 1: Parsing Excel ===
[2026-03-01 20:16:27] === STEP 2: Building Row-Blocks ===
[2026-03-01 20:16:27] === STEP 3: Solving Containers ===
[2026-03-01 20:16:29] === STEP 7: Assigning NP Boxes ===
[2026-03-01 20:16:29] === STEP 8: Fill Recommendations ===
[2026-03-01 20:16:29] Wrote recommendations: /Users/yolina/Desktop/Container_packing_optimizer/app/outputs/recommendations.json
[2026-03-01 20:16:29] === ALL CONTAINERS SOLVED ===
[2026-03-01 20:16:29] Wrote containers: /Users/yolina/Desktop/Container_packing_optimizer/app/outputs/containers.json
[2026-03-01 20:16:29] Wrote summary: /Users/yolina/Desktop/Container_packing_optimizer/app/outputs/summary.txt
[2026-03-01 20:19:33] Base directory: /Users/yolina/Desktop/Container_packing_optimizer/app
[2026-03-01 20:19:33] Excel input: /Users/yolina/Desktop/Container_packing_optimizer/app/sample_instances/input_final.xlsx
[2026-03-01 20:19:33] === STEP 1: Parsing Excel ===
[2026-03-01 20:19:33] === STEP 2: Building Row-Blocks ===
[2026-03-01 20:19:33] === STEP 3: Solving Containers ===
[2026-03-01 20:19:42] Base directory: /Users/yolina/Desktop/Container_packing_optimizer/app
[2026-03-01 20:19:42] Excel input: /Users/yolina/Desktop/Container_packing_optimizer/app/sample_instances/input_final.xlsx
[2026-03-01 20:19:42] === STEP 1: Parsing Excel ===
[2026-03-01 20:19:42] === STEP 2: Building Row-Blocks ===
[2026-03-01 20:19:42] === STEP 3: Solving Containers ===
[2026-03-01 20:19:44] === STEP 7: Assigning NP Boxes ===
[2026-03-01 20:19:44] === STEP 8: Fill Recommendations ===
[2026-03-01 20:19:44] Wrote recommendations: /Users/yolina/Desktop/Container_packing_optimizer/app/outputs/recommendations.json
[2026-03-01 20:19:44] === ALL CONTAINERS SOLVED ===
[2026-03-01 20:19:44] Wrote containers: /Users/yolina/Desktop/Container_packing_optimizer/app/outputs/containers.json
[2026-03-01 20:19:44] Wrote summary: /Users/yolina/Desktop/Container_packing_optimizer/app/outputs/summary.txt
[2026-03-01 20:29:02] Base directory: /Users/yolina/Desktop/Container_packing_optimizer/app
[2026-03-01 20:29:02] Excel input: /Users/yolina/Desktop/Container_packing_optimizer/app/sample_instances/input_final.xlsx
[2026-03-01 20:29:02] === STEP 1: Parsing Excel ===
[2026-03-01 20:29:02] === STEP 2: Building Row-Blocks ===
[2026-03-01 20:29:02] === STEP 3: Solving Containers ===
[2026-03-01 20:29:04] === STEP 7: Assigning NP Boxes ===
[2026-03-01 20:29:04] === STEP 8: Fill Recommendations ===
[2026-03-01 20:29:04] Wrote recommendations: /Users/yolina/Desktop/Container_packing_optimizer/app/outputs/recommendations.json
[2026-03-01 20:29:04] === ALL CONTAINERS SOLVED ===
[2026-03-01 20:29:04] Wrote containers: /Users/yolina/Desktop/Container_packing_optimizer/app/outputs/containers.json
[2026-03-01 20:29:04] Wrote summary: /Users/yolina/Desktop/Container_packing_optimizer/app/outputs/summary.txt
[2026-03-01 20:29:26] Base directory: /Users/yolina/Desktop/Container_packing_optimizer/app
[2026-03-01 20:29:26] Excel input: /Users/yolina/Desktop/Container_packing_optimizer/app/sample_instances/input_final.xlsx
[2026-03-01 20:29:26] === STEP 1: Parsing Excel ===
[2026-03-01 20:29:26] === STEP 2: Building Row-Blocks ===
[2026-03-01 20:29:26] === STEP 3: Solving Containers ===
[2026-03-01 20:29:28] === STEP 7: Assigning NP Boxes ===
[2026-03-01 20:29:28] === STEP 8: Fill Recommendations ===
[2026-03-01 20:29:28] Wrote recommendations: /Users/yolina/Desktop/Container_packing_optimizer/app/outputs/recommendations.json
[2026-03-01 20:29:28] === ALL CONTAINERS SOLVED ===
[2026-03-01 20:29:28] Wrote containers: /Users/yolina/Desktop/Container_packing_optimizer/app/outputs/containers.json
[2026-03-01 20:29:28] Wrote summary: /Users/yolina/Desktop/Container_packing_optimizer/app/outputs/summary.txt
[2026-03-01 20:51:45] Base directory: /Users/yolina/Desktop/Container_packing_optimizer/app
[2026-03-01 20:51:45] Excel input: /Users/yolina/Desktop/Container_packing_optimizer/app/sample_instances/input_final.xlsx
[2026-03-01 20:51:45] === STEP 1: Parsing Excel ===
[2026-03-01 20:51:45] === STEP 2: Building Row-Blocks ===
[2026-03-01 20:51:45] === STEP 3: Solving Containers ===
[2026-03-01 20:51:47] === STEP 7: Assigning NP Boxes ===
[2026-03-01 20:51:47] === STEP 8: Fill Recommendations ===
[2026-03-01 20:51:47] Wrote recommendations: /Users/yolina/Desktop/Container_packing_optimizer/app/outputs/recommendations.json
[2026-03-01 20:51:47] === ALL CONTAINERS SOLVED ===
[2026-03-01 20:51:47] Wrote containers: /Users/yolina/Desktop/Container_packing_optimizer/app/outputs/containers.json
[2026-03-01 20:51:47] Wrote summary: /Users/yolina/Desktop/Container_packing_optimizer/app/outputs/summary.txt
[2026-03-01 21:52:22] Base directory: /Users/yolina/Desktop/Container_packing_optimizer/app
[2026-03-01 21:52:22] Excel input: /Users/yolina/Desktop/Container_packing_optimizer/app/sample_instances/input_final.xlsx
[2026-03-01 21:52:22] === STEP 1: Parsing Excel ===
[2026-03-01 21:52:23] === STEP 2: Building Row-Blocks ===
[2026-03-01 21:52:23] === STEP 3: Solving Containers ===
[2026-03-01 21:52:24] === STEP 7: Assigning NP Boxes ===
[2026-03-01 21:52:24] === STEP 8: Fill Recommendations ===
[2026-03-01 21:52:24] Wrote recommendations: /Users/yolina/Desktop/Container_packing_optimizer/app/outputs/recommendations.json
[2026-03-01 21:52:24] === ALL CONTAINERS SOLVED ===
[2026-03-01 21:52:24] Wrote containers: /Users/yolina/Desktop/Container_packing_optimizer/app/outputs/containers.json
[2026-03-01 21:52:24] Wrote summary: /Users/yolina/Desktop/Container_packing_optimizer/app/outputs/summary.txt
[2026-03-01 21:52:24] === STEP 10: Excel Report ===
[2026-03-01 21:52:39] Base directory: /Users/yolina/Desktop/Container_packing_optimizer/app
[2026-03-01 21:52:39] Excel input: /Users/yolina/Desktop/Container_packing_optimizer/app/sample_instances/input_final.xlsx
[2026-03-01 21:52:39] === STEP 1: Parsing Excel ===
[2026-03-01 21:52:39] === STEP 2: Building Row-Blocks ===
[2026-03-01 21:52:39] === STEP 3: Solving Containers ===
[2026-03-01 21:52:41] === STEP 7: Assigning NP Boxes ===
[2026-03-01 21:52:41] === STEP 8: Fill Recommendations ===
[2026-03-01 21:52:41] Wrote recommendations: /Users/yolina/Desktop/Container_packing_optimizer/app/outputs/recommendations.json
[2026-03-01 21:52:41] === ALL CONTAINERS SOLVED ===
[2026-03-01 21:52:41] Wrote containers: /Users/yolina/Desktop/Container_packing_optimizer/app/outputs/containers.json
[2026-03-01 21:52:41] Wrote summary: /Users/yolina/Desktop/Container_packing_optimizer/app/outputs/summary.txt
[2026-03-01 21:52:41] === STEP 10: Excel Report ===
[2026-03-01 21:53:12] Base directory: /Users/yolina/Desktop/Container_packing_optimizer/app
[2026-03-01 21:53:12] Excel input: /Users/yolina/Desktop/Container_packing_optimizer/app/sample_instances/input_final.xlsx
[2026-03-01 21:53:12] === STEP 1: Parsing Excel ===
[2026-03-01 21:53:12] === STEP 2: Building Row-Blocks ===
[2026-03-01 21:53:12] === STEP 3: Solving Containers ===
[2026-03-01 21:53:14] === STEP 7: Assigning NP Boxes ===
[2026-03-01 21:53:14] === STEP 8: Fill Recommendations ===
[2026-03-01 21:53:14] Wrote recommendations: /Users/yolina/Desktop/Container_packing_optimizer/app/outputs/recommendations.json
[2026-03-01 21:53:14] === ALL CONTAINERS SOLVED ===
[2026-03-01 21:53:14] Wrote containers: /Users/yolina/Desktop/Container_packing_optimizer/app/outputs/containers.json
[2026-03-01 21:53:14] Wrote summary: /Users/yolina/Desktop/Container_packing_optimizer/app/outputs/summary.txt
[2026-03-01 21:53:14] === STEP 10: Excel Report ===
[2026-03-01 21:53:14] Wrote Excel report: /Users/yolina/Desktop/Container_packing_optimizer/app/outputs/report.xlsx
[2026-03-01 21:55:16] Base directory: /Users/yolina/Desktop/Container_packing_optimizer/app
[2026-03-01 21:55:16] Excel input: /Users/yolina/Desktop/Container_packing_optimizer/app/sample_instances/input_final.xlsx
[2026-03-01 21:55:16] === STEP 1: Parsing Excel ===
[2026-03-01 21:55:16] === STEP 2: Building Row-Blocks ===
[2026-03-01 21:55:16] === STEP 3: Solving Containers ===
[2026-03-01 21:55:18] === STEP 7: Assigning NP Boxes ===
[2026-03-01 21:55:18] === STEP 8: Fill Recommendations ===
[2026-03-01 21:55:18] Wrote recommendations: /Users/yolina/Desktop/Container_packing_optimizer/app/outputs/recommendations.json
[2026-03-01 21:55:18] === ALL CONTAINERS SOLVED ===
[2026-03-01 21:55:18] Wrote containers: /Users/yolina/Desktop/Container_packing_optimizer/app/outputs/containers.json
[2026-03-01 21:55:18] Wrote summary: /Users/yolina/Desktop/Container_packing_optimizer/app/outputs/summary.txt
[2026-03-01 21:55:18] === STEP 10: Excel Report ===
[2026-03-01 21:55:18] Wrote Excel report: /Users/yolina/Desktop/Container_packing_optimizer/app/outputs/report.xlsx
[2026-03-01 22:03:14] Base directory: /Users/yolina/Desktop/Container_packing_optimizer/app
[2026-03-01 22:03:14] Excel input: /Users/yolina/Desktop/Container_packing_optimizer/app/sample_instances/input_final.xlsx
[2026-03-01 22:03:14] === STEP 1: Parsing Excel ===
[2026-03-01 22:03:14] === STEP 2: Building Row-Blocks ===
[2026-03-01 22:03:14] === STEP 3: Solving Containers ===
[2026-03-01 22:03:16] === STEP 7: Assigning NP Boxes ===
[2026-03-01 22:03:16] === STEP 8: Fill Recommendations ===
[2026-03-01 22:03:16] Wrote recommendations: /Users/yolina/Desktop/Container_packing_optimizer/app/outputs/recommendations.json
[2026-03-01 22:03:16] === ALL CONTAINERS SOLVED ===
[2026-03-01 22:03:16] Wrote containers: /Users/yolina/Desktop/Container_packing_optimizer/app/outputs/containers.json
[2026-03-01 22:03:16] Wrote summary: /Users/yolina/Desktop/Container_packing_optimizer/app/outputs/summary.txt
[2026-03-01 22:03:16] === STEP 10: Excel Report ===
[2026-03-01 22:03:16] Wrote Excel report: /Users/yolina/Desktop/Container_packing_optimizer/app/outputs/report.xlsx
[2026-03-01 22:07:30] Base directory: /Users/yolina/Desktop/Container_packing_optimizer/app
[2026-03-01 22:07:30] Excel input: /Users/yolina/Desktop/Container_packing_optimizer/app/sample_instances/input_final.xlsx
[2026-03-01 22:07:30] === STEP 1: Parsing Excel ===
[2026-03-01 22:07:30] === STEP 2: Building Row-Blocks ===
[2026-03-01 22:07:30] === STEP 3: Solving Containers ===
[2026-03-01 22:07:31] === STEP 7: Assigning NP Boxes ===
[2026-03-01 22:07:31] === STEP 8: Fill Recommendations ===
[2026-03-01 22:07:31] Wrote recommendations: /Users/yolina/Desktop/Container_packing_optimizer/app/outputs/recommendations.json
[2026-03-01 22:07:31] === ALL CONTAINERS SOLVED ===
[2026-03-01 22:07:31] Wrote containers: /Users/yolina/Desktop/Container_packing_optimizer/app/outputs/containers.json
[2026-03-01 22:07:31] Wrote summary: /Users/yolina/Desktop/Container_packing_optimizer/app/outputs/summary.txt
[2026-03-01 22:07:31] === STEP 10: Excel Report ===
[2026-03-01 22:07:32] Wrote Excel report: /Users/yolina/Desktop/Container_packing_optimizer/app/outputs/report.xlsx
[2026-03-01 22:17:16] Base directory: /Users/yolina/Desktop/Container_packing_optimizer/app
[2026-03-01 22:17:16] Excel input: /Users/yolina/Desktop/Container_packing_optimizer/app/sample_instances/input_final.xlsx
[2026-03-01 22:17:16] === STEP 1: Parsing Excel ===
[2026-03-01 22:17:16] === STEP 2: Building Row-Blocks ===
[2026-03-01 22:17:16] === STEP 3: Solving Containers ===
[2026-03-01 22:17:17] === STEP 7: Assigning NP Boxes ===
[2026-03-01 22:17:17] === STEP 8: Fill Recommendations ===
[2026-03-01 22:17:17] Wrote recommendations: /Users/yolina/Desktop/Container_packing_optimizer/app/outputs/recommendations.json
[2026-03-01 22:17:17] === ALL CONTAINERS SOLVED ===
[2026-03-01 22:17:17] Wrote containers: /Users/yolina/Desktop/Container_packing_optimizer/app/outputs/containers.json
[2026-03-01 22:17:17] Wrote summary: /Users/yolina/Desktop/Container_packing_optimizer/app/outputs/summary.txt
[2026-03-01 22:17:17] === STEP 10: Excel Report ===
[2026-03-01 22:17:18] Wrote Excel report: /Users/yolina/Desktop/Container_packing_optimizer/app/outputs/report.xlsx
[2026-03-01 22:19:39] Base directory: /Users/yolina/Desktop/Container_packing_optimizer/app
[2026-03-01 22:19:39] Excel input: /Users/yolina/Desktop/Container_packing_optimizer/app/sample_instances/input_final.xlsx
[2026-03-01 22:19:39] === STEP 1: Parsing Excel ===
[2026-03-01 22:19:39] === STEP 2: Building Row-Blocks ===
[2026-03-01 22:19:39] === STEP 3: Solving Containers ===
[2026-03-01 22:19:41] === STEP 7: Assigning NP Boxes ===
[2026-03-01 22:19:41] === STEP 8: Fill Recommendations ===
[2026-03-01 22:19:41] Wrote recommendations: /Users/yolina/Desktop/Container_packing_optimizer/app/outputs/recommendations.json
[2026-03-01 22:19:41] === ALL CONTAINERS SOLVED ===
[2026-03-01 22:19:41] Wrote containers: /Users/yolina/Desktop/Container_packing_optimizer/app/outputs/containers.json
[2026-03-01 22:19:41] Wrote summary: /Users/yolina/Desktop/Container_packing_optimizer/app/outputs/summary.txt
[2026-03-01 22:19:41] === STEP 10: Excel Report ===
[2026-03-01 22:19:41] Wrote Excel report: /Users/yolina/Desktop/Container_packing_optimizer/app/outputs/report.xlsx
[2026-03-01 22:53:19] Base directory: /Users/yolina/Desktop/Container_packing_optimizer/app
[2026-03-01 22:53:19] Excel input: /Users/yolina/Desktop/Container_packing_optimizer/app/sample_instances/input_final.xlsx
[2026-03-01 22:53:19] === STEP 1: Parsing Excel ===
[2026-03-01 22:53:19] === STEP 2: Building Row-Blocks ===
[2026-03-01 22:53:19] === STEP 3: Solving Containers ===
[2026-03-01 22:53:21] === STEP 7: Assigning NP Boxes ===
[2026-03-01 22:53:21] === STEP 8: Fill Recommendations ===
[2026-03-01 22:53:21] Wrote recommendations: /Users/yolina/Desktop/Container_packing_optimizer/app/outputs/recommendations.json
[2026-03-01 22:53:21] === ALL CONTAINERS SOLVED ===
[2026-03-01 22:53:21] Wrote containers: /Users/yolina/Desktop/Container_packing_optimizer/app/outputs/containers.json
[2026-03-01 22:53:21] Wrote summary: /Users/yolina/Desktop/Container_packing_optimizer/app/outputs/summary.txt
[2026-03-01 22:53:21] === STEP 10: Excel Report ===
[2026-03-01 22:53:21] Wrote Excel report: /Users/yolina/Desktop/Container_packing_optimizer/app/outputs/report.xlsx
[2026-03-01 23:00:36] ====================================================================
[2026-03-01 23:00:36]   OPTIMIZER ASSUMPTIONS & CONFIGURATION
[2026-03-01 23:00:36] ====================================================================
[2026-03-01 23:00:36] 
[2026-03-01 23:00:36]   Config source:
[2026-03-01 23:00:36]     /Users/yolina/Desktop/Container_packing_optimizer/optimizer_config.json
[2026-03-01 23:00:36] 
[2026-03-01 23:00:36]   Container dimensions (internal usable space):
[2026-03-01 23:00:36]     Length : 1203 cm
[2026-03-01 23:00:36]     Width  : 235 cm
[2026-03-01 23:00:36]     Height : 270 cm
[2026-03-01 23:00:36]     Door H : 250 cm  ← ceiling constraint for loading
[2026-03-01 23:00:36]     Max wt : 18,000 kg
[2026-03-01 23:00:36] 
[2026-03-01 23:00:36]   Packing parameters:
[2026-03-01 23:00:36]     Row gap         : 5 cm  (fork-lift clearance between pallet rows)
[2026-03-01 23:00:36]     Solver time cap : 10 s per container
[2026-03-01 23:00:36] 
[2026-03-01 23:00:36]   Recommendation objective:
[2026-03-01 23:00:36]     Primary   : min_leftover
[2026-03-01 23:00:36]     Secondary : min_pallets
[2026-03-01 23:00:36] 
[2026-03-01 23:00:36]   HARDCODED PALLET STANDARDS (not user-configurable — requires code change):
[2026-03-01 23:00:36]     Recognised footprints : 115×115 cm, 115×108 cm, 115×77 cm, 77×77 cm
[2026-03-01 23:00:36]     Footprint tolerance   : ±2 cm  (raw dims snapped to nearest standard)
[2026-03-01 23:00:36]     Height bands          : <66 cm, 66–89 cm, 89–130 cm, >130 cm, 230 cm
[2026-03-01 23:00:36]     Stacking rules per band are fixed (see utils/oneDbuildblocks.py)
[2026-03-01 23:00:36] 
[2026-03-01 23:00:36]   HARDCODED COLUMN NAME ALIASES (Excel parsing):
[2026-03-01 23:00:36]     Pallet size  : 'Pallet and packing size', 'Pallet size', 'size'
[2026-03-01 23:00:36]     Qty          : 'External Packaging Quantity', 'Total order full pallets', ...
[2026-03-01 23:00:36]     Weight       : 'External Net weight', 'Net weight', 'Weight', ...
[2026-03-01 23:00:36]     NP type flag : 'NP' anywhere in pallet-type column triggers loose-box logic
[2026-03-01 23:00:36] 
[2026-03-01 23:00:36] ====================================================================
[2026-03-01 23:00:36] Base directory: /Users/yolina/Desktop/Container_packing_optimizer/app
[2026-03-01 23:00:36] Excel input: /Users/yolina/Desktop/Container_packing_optimizer/app/sample_instances/input_final.xlsx
[2026-03-01 23:00:36] === STEP 1: Parsing Excel ===
[2026-03-01 23:00:36] === STEP 2: Building Row-Blocks ===
[2026-03-01 23:00:36] === STEP 3: Solving Containers ===
[2026-03-01 23:00:38] === STEP 7: Assigning NP Boxes ===
[2026-03-01 23:00:38] === STEP 8: Fill Recommendations ===
[2026-03-01 23:00:38] Wrote recommendations: /Users/yolina/Desktop/Container_packing_optimizer/app/outputs/recommendations.json
[2026-03-01 23:00:38] === ALL CONTAINERS SOLVED ===
[2026-03-01 23:00:38] Wrote containers: /Users/yolina/Desktop/Container_packing_optimizer/app/outputs/containers.json
[2026-03-01 23:00:38] Wrote summary: /Users/yolina/Desktop/Container_packing_optimizer/app/outputs/summary.txt
[2026-03-01 23:00:38] === STEP 10: Excel Report ===
[2026-03-01 23:00:38] Wrote Excel report: /Users/yolina/Desktop/Container_packing_optimizer/app/outputs/report.xlsx
[2026-03-01 23:00:56] ====================================================================
[2026-03-01 23:00:56]   OPTIMIZER ASSUMPTIONS & CONFIGURATION
[2026-03-01 23:00:56] ====================================================================
[2026-03-01 23:00:56] 
[2026-03-01 23:00:56]   Config source:
[2026-03-01 23:00:56]     /Users/yolina/Desktop/Container_packing_optimizer/optimizer_config.json
[2026-03-01 23:00:56] 
[2026-03-01 23:00:56]   Container dimensions (internal usable space):
[2026-03-01 23:00:56]     Length : 1203 cm
[2026-03-01 23:00:56]     Width  : 235 cm
[2026-03-01 23:00:56]     Height : 270 cm
[2026-03-01 23:00:56]     Door H : 250 cm  ← ceiling constraint for loading
[2026-03-01 23:00:56]     Max wt : 18,000 kg
[2026-03-01 23:00:56] 
[2026-03-01 23:00:56]   Packing parameters:
[2026-03-01 23:00:56]     Row gap         : 5 cm  (fork-lift clearance between pallet rows)
[2026-03-01 23:00:56]     Solver time cap : 10 s per container
[2026-03-01 23:00:56] 
[2026-03-01 23:00:56]   Recommendation objective:
[2026-03-01 23:00:56]     Primary   : min_leftover
[2026-03-01 23:00:56]     Secondary : min_pallets
[2026-03-01 23:00:56] 
[2026-03-01 23:00:56]   HARDCODED PALLET STANDARDS (not user-configurable — requires code change):
[2026-03-01 23:00:56]     Recognised footprints : 115×115 cm, 115×108 cm, 115×77 cm, 77×77 cm
[2026-03-01 23:00:56]     Footprint tolerance   : ±2 cm  (raw dims snapped to nearest standard)
[2026-03-01 23:00:56]     Height bands          : <66 cm, 66–89 cm, 89–130 cm, >130 cm, 230 cm
[2026-03-01 23:00:56]     Stacking rules per band are fixed (see utils/oneDbuildblocks.py)
[2026-03-01 23:00:56] 
[2026-03-01 23:00:56]   HARDCODED COLUMN NAME ALIASES (Excel parsing):
[2026-03-01 23:00:56]     Pallet size  : 'Pallet and packing size', 'Pallet size', 'size'
[2026-03-01 23:00:56]     Qty          : 'External Packaging Quantity', 'Total order full pallets', ...
[2026-03-01 23:00:56]     Weight       : 'External Net weight', 'Net weight', 'Weight', ...
[2026-03-01 23:00:56]     NP type flag : 'NP' anywhere in pallet-type column triggers loose-box logic
[2026-03-01 23:00:56] 
[2026-03-01 23:00:56] ====================================================================
[2026-03-01 23:00:56] Base directory: /Users/yolina/Desktop/Container_packing_optimizer/app
[2026-03-01 23:00:56] Excel input: /Users/yolina/Desktop/Container_packing_optimizer/app/sample_instances/input_final.xlsx
[2026-03-01 23:00:56] === STEP 1: Parsing Excel ===
[2026-03-01 23:00:56] === STEP 2: Building Row-Blocks ===
[2026-03-01 23:00:56] === STEP 3: Solving Containers ===
[2026-03-01 23:00:58] === STEP 7: Assigning NP Boxes ===
[2026-03-01 23:00:58] === STEP 8: Fill Recommendations ===
[2026-03-01 23:00:58] Wrote recommendations: /Users/yolina/Desktop/Container_packing_optimizer/app/outputs/recommendations.json
[2026-03-01 23:00:58] === ALL CONTAINERS SOLVED ===
[2026-03-01 23:00:58] Wrote containers: /Users/yolina/Desktop/Container_packing_optimizer/app/outputs/containers.json
[2026-03-01 23:00:58] Wrote summary: /Users/yolina/Desktop/Container_packing_optimizer/app/outputs/summary.txt
[2026-03-01 23:00:58] === STEP 10: Excel Report ===
[2026-03-01 23:00:59] Wrote Excel report: /Users/yolina/Desktop/Container_packing_optimizer/app/outputs/report.xlsx
[2026-03-01 23:08:00] ====================================================================
[2026-03-01 23:08:00]   OPTIMIZER ASSUMPTIONS & CONFIGURATION
[2026-03-01 23:08:00] ====================================================================
[2026-03-01 23:08:00] 
[2026-03-01 23:08:00]   Config source:
[2026-03-01 23:08:00]     /Users/yolina/Desktop/Container_packing_optimizer/optimizer_config.json
[2026-03-01 23:08:00] 
[2026-03-01 23:08:00]   Container dimensions (internal usable space):
[2026-03-01 23:08:00]     Length : 1203 cm
[2026-03-01 23:08:00]     Width  : 235 cm
[2026-03-01 23:08:00]     Height : 270 cm
[2026-03-01 23:08:00]     Door H : 250 cm  ← ceiling constraint for loading
[2026-03-01 23:08:00]     Max wt : 18,000 kg
[2026-03-01 23:08:00] 
[2026-03-01 23:08:00]   Packing parameters:
[2026-03-01 23:08:00]     Row gap         : 5 cm  (fork-lift clearance between pallet rows)
[2026-03-01 23:08:00]     Solver time cap : 10 s per container
[2026-03-01 23:08:00] 
[2026-03-01 23:08:00]   Recommendation objective:
[2026-03-01 23:08:00]     Primary   : min_leftover
[2026-03-01 23:08:00]     Secondary : min_pallets
[2026-03-01 23:08:00] 
[2026-03-01 23:08:00]   HARDCODED PALLET STANDARDS (not user-configurable — requires code change):
[2026-03-01 23:08:00]     Recognised footprints : 115×115 cm, 115×108 cm, 115×77 cm, 77×77 cm
[2026-03-01 23:08:00]     Footprint tolerance   : ±2 cm  (raw dims snapped to nearest standard)
[2026-03-01 23:08:00]     Height bands          : <66 cm, 66–89 cm, 89–130 cm, >130 cm, 230 cm
[2026-03-01 23:08:00]     Stacking rules per band are fixed (see utils/oneDbuildblocks.py)
[2026-03-01 23:08:00] 
[2026-03-01 23:08:00]   HARDCODED COLUMN NAME ALIASES (Excel parsing):
[2026-03-01 23:08:00]     Pallet size  : 'Pallet and packing size', 'Pallet size', 'size'
[2026-03-01 23:08:00]     Qty          : 'External Packaging Quantity', 'Total order full pallets', ...
[2026-03-01 23:08:00]     Weight       : 'External Net weight', 'Net weight', 'Weight', ...
[2026-03-01 23:08:00]     NP type flag : 'NP' anywhere in pallet-type column triggers loose-box logic
[2026-03-01 23:08:00] 
[2026-03-01 23:08:00] ====================================================================
[2026-03-01 23:08:00] Base directory: /Users/yolina/Desktop/Container_packing_optimizer/app
[2026-03-01 23:08:00] Excel input: /Users/yolina/Desktop/Container_packing_optimizer/app/sample_instances/input_final.xlsx
[2026-03-01 23:08:00] === STEP 1: Parsing Excel ===
[2026-03-01 23:08:00] === STEP 2: Building Row-Blocks ===
[2026-03-01 23:08:00] === STEP 3: Solving Containers ===
[2026-03-01 23:08:01] === STEP 7: Assigning NP Boxes ===
[2026-03-01 23:08:01] === STEP 8: Fill Recommendations ===
[2026-03-01 23:08:01] Wrote recommendations: /Users/yolina/Desktop/Container_packing_optimizer/app/outputs/recommendations.json
[2026-03-01 23:08:01] === ALL CONTAINERS SOLVED ===
[2026-03-01 23:08:02] Wrote containers: /Users/yolina/Desktop/Container_packing_optimizer/app/outputs/containers.json
[2026-03-01 23:08:02] Wrote summary: /Users/yolina/Desktop/Container_packing_optimizer/app/outputs/summary.txt
[2026-03-01 23:08:02] === STEP 10: Excel Report ===
[2026-03-01 23:08:02] Wrote Excel report: /Users/yolina/Desktop/Container_packing_optimizer/app/outputs/report.xlsx
[2026-03-01 23:10:58] ====================================================================
[2026-03-01 23:10:58]   OPTIMIZER ASSUMPTIONS & CONFIGURATION
[2026-03-01 23:10:58] ====================================================================
[2026-03-01 23:10:58] 
[2026-03-01 23:10:58]   Config source:
[2026-03-01 23:10:58]     /Users/yolina/Desktop/Container_packing_optimizer/optimizer_config.json
[2026-03-01 23:10:58] 
[2026-03-01 23:10:58]   Container dimensions (internal usable space):
[2026-03-01 23:10:58]     Length : 1203 cm
[2026-03-01 23:10:58]     Width  : 235 cm
[2026-03-01 23:10:58]     Height : 270 cm
[2026-03-01 23:10:58]     Door H : 250 cm  ← ceiling constraint for loading
[2026-03-01 23:10:58]     Max wt : 18,000 kg
[2026-03-01 23:10:58] 
[2026-03-01 23:10:58]   Packing parameters:
[2026-03-01 23:10:58]     Row gap         : 5 cm  (fork-lift clearance between pallet rows)
[2026-03-01 23:10:58]     Solver time cap : 10 s per container
[2026-03-01 23:10:58] 
[2026-03-01 23:10:58]   Recommendation objective:
[2026-03-01 23:10:58]     Primary   : min_leftover
[2026-03-01 23:10:58]     Secondary : min_pallets
[2026-03-01 23:10:58] 
[2026-03-01 23:10:58]   HARDCODED PALLET STANDARDS (not user-configurable — requires code change):
[2026-03-01 23:10:58]     Recognised footprints : 115×115 cm, 115×108 cm, 115×77 cm, 77×77 cm
[2026-03-01 23:10:58]     Footprint tolerance   : ±2 cm  (raw dims snapped to nearest standard)
[2026-03-01 23:10:58]     Height bands          : <66 cm, 66–89 cm, 89–130 cm, >130 cm, 230 cm
[2026-03-01 23:10:58]     Stacking rules per band are fixed (see utils/oneDbuildblocks.py)
[2026-03-01 23:10:58] 
[2026-03-01 23:10:58]   HARDCODED COLUMN NAME ALIASES (Excel parsing):
[2026-03-01 23:10:58]     Pallet size  : 'Pallet and packing size', 'Pallet size', 'size'
[2026-03-01 23:10:58]     Qty          : 'External Packaging Quantity', 'Total order full pallets', ...
[2026-03-01 23:10:58]     Weight       : 'External Net weight', 'Net weight', 'Weight', ...
[2026-03-01 23:10:58]     NP type flag : 'NP' anywhere in pallet-type column triggers loose-box logic
[2026-03-01 23:10:58] 
[2026-03-01 23:10:58] ====================================================================
[2026-03-01 23:10:58] Base directory: /Users/yolina/Desktop/Container_packing_optimizer/app
[2026-03-01 23:10:58] Excel input: /Users/yolina/Desktop/Container_packing_optimizer/app/sample_instances/input_final.xlsx
[2026-03-01 23:10:58] === STEP 1: Parsing Excel ===
[2026-03-01 23:10:59] === STEP 2: Building Row-Blocks ===
[2026-03-01 23:10:59] === STEP 3: Solving Containers ===
[2026-03-01 23:11:01] === STEP 7: Assigning NP Boxes ===
[2026-03-01 23:11:01] === STEP 8: Fill Recommendations ===
[2026-03-01 23:11:01] Wrote recommendations: /Users/yolina/Desktop/Container_packing_optimizer/app/outputs/recommendations.json
[2026-03-01 23:11:01] === ALL CONTAINERS SOLVED ===
[2026-03-01 23:11:01] Wrote containers: /Users/yolina/Desktop/Container_packing_optimizer/app/outputs/containers.json
[2026-03-01 23:11:01] Wrote summary: /Users/yolina/Desktop/Container_packing_optimizer/app/outputs/summary.txt
[2026-03-01 23:11:01] === STEP 10: Excel Report ===
[2026-03-01 23:11:01] Wrote Excel report: /Users/yolina/Desktop/Container_packing_optimizer/app/outputs/report.xlsx
[2026-03-01 23:21:08] ====================================================================
[2026-03-01 23:21:08]   OPTIMIZER ASSUMPTIONS & CONFIGURATION
[2026-03-01 23:21:08] ====================================================================
[2026-03-01 23:21:08] 
[2026-03-01 23:21:08]   Config source:
[2026-03-01 23:21:08]     /Users/yolina/Desktop/Container_packing_optimizer/optimizer_config.json
[2026-03-01 23:21:08] 
[2026-03-01 23:21:08]   Container dimensions (internal usable space):
[2026-03-01 23:21:08]     Length : 1203 cm
[2026-03-01 23:21:08]     Width  : 235 cm
[2026-03-01 23:21:08]     Height : 270 cm
[2026-03-01 23:21:08]     Door H : 250 cm  ← ceiling constraint for loading
[2026-03-01 23:21:08]     Max wt : 18,000 kg
[2026-03-01 23:21:08] 
[2026-03-01 23:21:08]   Packing parameters:
[2026-03-01 23:21:08]     Row gap         : 5 cm  (fork-lift clearance between pallet rows)
[2026-03-01 23:21:08]     Solver time cap : 10 s per container
[2026-03-01 23:21:08] 
[2026-03-01 23:21:08]   Recommendation objective:
[2026-03-01 23:21:08]     Primary   : min_leftover
[2026-03-01 23:21:08]     Secondary : min_pallets
[2026-03-01 23:21:08] 
[2026-03-01 23:21:08]   HARDCODED PALLET STANDARDS (not user-configurable — requires code change):
[2026-03-01 23:21:08]     Recognised footprints : 115×115 cm, 115×108 cm, 115×77 cm, 77×77 cm
[2026-03-01 23:21:08]     Footprint tolerance   : ±2 cm  (raw dims snapped to nearest standard)
[2026-03-01 23:21:08]     Height bands          : <66 cm, 66–89 cm, 89–130 cm, >130 cm, 230 cm
[2026-03-01 23:21:08]     Stacking rules per band are fixed (see utils/oneDbuildblocks.py)
[2026-03-01 23:21:08] 
[2026-03-01 23:21:08]   HARDCODED COLUMN NAME ALIASES (Excel parsing):
[2026-03-01 23:21:08]     Pallet size  : 'Pallet and packing size', 'Pallet size', 'size'
[2026-03-01 23:21:08]     Qty          : 'External Packaging Quantity', 'Total order full pallets', ...
[2026-03-01 23:21:08]     Weight       : 'External Net weight', 'Net weight', 'Weight', ...
[2026-03-01 23:21:08]     NP type flag : 'NP' anywhere in pallet-type column triggers loose-box logic
[2026-03-01 23:21:08] 
[2026-03-01 23:21:08] ====================================================================
[2026-03-01 23:21:08] Base directory: /Users/yolina/Desktop/Container_packing_optimizer/app
[2026-03-01 23:21:08] Excel input: /Users/yolina/Desktop/Container_packing_optimizer/app/sample_instances/input_final.xlsx
[2026-03-01 23:21:08] === STEP 1: Parsing Excel ===
[2026-03-01 23:21:08] === STEP 2: Building Row-Blocks ===
[2026-03-01 23:21:08] === STEP 3: Solving Containers ===
[2026-03-01 23:21:10] === STEP 7: Assigning NP Boxes ===
[2026-03-01 23:21:10] === STEP 8: Fill Recommendations ===
[2026-03-01 23:21:10] Wrote recommendations: /Users/yolina/Desktop/Container_packing_optimizer/app/outputs/recommendations.json
[2026-03-01 23:21:10] === ALL CONTAINERS SOLVED ===
[2026-03-01 23:21:10] Wrote containers: /Users/yolina/Desktop/Container_packing_optimizer/app/outputs/containers.json
[2026-03-01 23:21:10] Wrote summary: /Users/yolina/Desktop/Container_packing_optimizer/app/outputs/summary.txt
[2026-03-01 23:21:10] === STEP 10: Excel Report ===
[2026-03-01 23:21:10] Wrote Excel report: /Users/yolina/Desktop/Container_packing_optimizer/app/outputs/report.xlsx
[2026-03-01 23:21:50] ====================================================================
[2026-03-01 23:21:50]   OPTIMIZER ASSUMPTIONS & CONFIGURATION
[2026-03-01 23:21:50] ====================================================================
[2026-03-01 23:21:50] 
[2026-03-01 23:21:50]   Config source:
[2026-03-01 23:21:50]     /Users/yolina/Desktop/Container_packing_optimizer/optimizer_config.json
[2026-03-01 23:21:50] 
[2026-03-01 23:21:50]   Container dimensions (internal usable space):
[2026-03-01 23:21:50]     Length : 1203 cm
[2026-03-01 23:21:50]     Width  : 235 cm
[2026-03-01 23:21:50]     Height : 270 cm
[2026-03-01 23:21:50]     Door H : 250 cm  ← ceiling constraint for loading
[2026-03-01 23:21:50]     Max wt : 18,000 kg
[2026-03-01 23:21:50] 
[2026-03-01 23:21:50]   Packing parameters:
[2026-03-01 23:21:50]     Row gap         : 5 cm  (fork-lift clearance between pallet rows)
[2026-03-01 23:21:50]     Solver time cap : 10 s per container
[2026-03-01 23:21:50] 
[2026-03-01 23:21:50]   Recommendation objective:
[2026-03-01 23:21:50]     Primary   : min_leftover
[2026-03-01 23:21:50]     Secondary : min_pallets
[2026-03-01 23:21:50] 
[2026-03-01 23:21:50]   HARDCODED PALLET STANDARDS (not user-configurable — requires code change):
[2026-03-01 23:21:50]     Recognised footprints : 115×115 cm, 115×108 cm, 115×77 cm, 77×77 cm
[2026-03-01 23:21:50]     Footprint tolerance   : ±2 cm  (raw dims snapped to nearest standard)
[2026-03-01 23:21:50]     Height bands          : <66 cm, 66–89 cm, 89–130 cm, >130 cm, 230 cm
[2026-03-01 23:21:50]     Stacking rules per band are fixed (see utils/oneDbuildblocks.py)
[2026-03-01 23:21:50] 
[2026-03-01 23:21:50]   HARDCODED COLUMN NAME ALIASES (Excel parsing):
[2026-03-01 23:21:50]     Pallet size  : 'Pallet and packing size', 'Pallet size', 'size'
[2026-03-01 23:21:50]     Qty          : 'External Packaging Quantity', 'Total order full pallets', ...
[2026-03-01 23:21:50]     Weight       : 'External Net weight', 'Net weight', 'Weight', ...
[2026-03-01 23:21:50]     NP type flag : 'NP' anywhere in pallet-type column triggers loose-box logic
[2026-03-01 23:21:50] 
[2026-03-01 23:21:50] ====================================================================
[2026-03-01 23:21:50] Base directory: /Users/yolina/Desktop/Container_packing_optimizer/app
[2026-03-01 23:21:50] Excel input: /Users/yolina/Desktop/Container_packing_optimizer/app/sample_instances/input_final.xlsx
[2026-03-01 23:21:50] === STEP 1: Parsing Excel ===
[2026-03-01 23:21:50] === STEP 2: Building Row-Blocks ===
[2026-03-01 23:21:51] === STEP 3: Solving Containers ===
[2026-03-01 23:21:53] === STEP 7: Assigning NP Boxes ===
[2026-03-01 23:21:53] === STEP 8: Fill Recommendations ===
[2026-03-01 23:21:53] Wrote recommendations: /Users/yolina/Desktop/Container_packing_optimizer/app/outputs/recommendations.json
[2026-03-01 23:21:53] === ALL CONTAINERS SOLVED ===
[2026-03-01 23:21:53] Wrote containers: /Users/yolina/Desktop/Container_packing_optimizer/app/outputs/containers.json
[2026-03-01 23:21:53] Wrote summary: /Users/yolina/Desktop/Container_packing_optimizer/app/outputs/summary.txt
[2026-03-01 23:21:53] === STEP 10: Excel Report ===
[2026-03-01 23:21:53] Wrote Excel report: /Users/yolina/Desktop/Container_packing_optimizer/app/outputs/report.xlsx
[2026-03-01 23:22:48] ====================================================================
[2026-03-01 23:22:48]   OPTIMIZER ASSUMPTIONS & CONFIGURATION
[2026-03-01 23:22:48] ====================================================================
[2026-03-01 23:22:48] 
[2026-03-01 23:22:48]   Config source:
[2026-03-01 23:22:48]     /Users/yolina/Desktop/Container_packing_optimizer/optimizer_config.json
[2026-03-01 23:22:48] 
[2026-03-01 23:22:48]   Container dimensions (internal usable space):
[2026-03-01 23:22:48]     Length : 1203 cm
[2026-03-01 23:22:48]     Width  : 235 cm
[2026-03-01 23:22:48]     Height : 270 cm
[2026-03-01 23:22:48]     Door H : 250 cm  ← ceiling constraint for loading
[2026-03-01 23:22:48]     Max wt : 18,000 kg
[2026-03-01 23:22:48] 
[2026-03-01 23:22:48]   Packing parameters:
[2026-03-01 23:22:48]     Row gap         : 5 cm  (fork-lift clearance between pallet rows)
[2026-03-01 23:22:48]     Solver time cap : 10 s per container
[2026-03-01 23:22:48] 
[2026-03-01 23:22:48]   Recommendation objective:
[2026-03-01 23:22:48]     Primary   : min_leftover
[2026-03-01 23:22:48]     Secondary : min_pallets
[2026-03-01 23:22:48] 
[2026-03-01 23:22:48]   HARDCODED PALLET STANDARDS (not user-configurable — requires code change):
[2026-03-01 23:22:48]     Recognised footprints : 115×115 cm, 115×108 cm, 115×77 cm, 77×77 cm
[2026-03-01 23:22:48]     Footprint tolerance   : ±2 cm  (raw dims snapped to nearest standard)
[2026-03-01 23:22:48]     Height bands          : <66 cm, 66–89 cm, 89–130 cm, >130 cm, 230 cm
[2026-03-01 23:22:48]     Stacking rules per band are fixed (see utils/oneDbuildblocks.py)
[2026-03-01 23:22:48] 
[2026-03-01 23:22:48]   HARDCODED COLUMN NAME ALIASES (Excel parsing):
[2026-03-01 23:22:48]     Pallet size  : 'Pallet and packing size', 'Pallet size', 'size'
[2026-03-01 23:22:48]     Qty          : 'External Packaging Quantity', 'Total order full pallets', ...
[2026-03-01 23:22:48]     Weight       : 'External Net weight', 'Net weight', 'Weight', ...
[2026-03-01 23:22:48]     NP type flag : 'NP' anywhere in pallet-type column triggers loose-box logic
[2026-03-01 23:22:48] 
[2026-03-01 23:22:48] ====================================================================
[2026-03-01 23:22:48] Base directory: /Users/yolina/Desktop/Container_packing_optimizer/app
[2026-03-01 23:22:48] Excel input: /Users/yolina/Desktop/Container_packing_optimizer/app/sample_instances/input_final.xlsx
[2026-03-01 23:22:48] === STEP 1: Parsing Excel ===
[2026-03-01 23:22:48] === STEP 2: Building Row-Blocks ===
[2026-03-01 23:22:48] === STEP 3: Solving Containers ===
[2026-03-01 23:22:50] === STEP 7: Assigning NP Boxes ===
[2026-03-01 23:22:50] === STEP 8: Fill Recommendations ===
[2026-03-01 23:22:50] Wrote recommendations: /Users/yolina/Desktop/Container_packing_optimizer/app/outputs/recommendations.json
[2026-03-01 23:22:50] === ALL CONTAINERS SOLVED ===
[2026-03-01 23:22:50] Wrote containers: /Users/yolina/Desktop/Container_packing_optimizer/app/outputs/containers.json
[2026-03-01 23:22:50] Wrote summary: /Users/yolina/Desktop/Container_packing_optimizer/app/outputs/summary.txt
[2026-03-01 23:22:50] === STEP 10: Excel Report ===
[2026-03-01 23:22:50] Wrote Excel report: /Users/yolina/Desktop/Container_packing_optimizer/app/outputs/report.xlsx
[2026-03-01 23:26:46] ====================================================================
[2026-03-01 23:26:46]   OPTIMIZER ASSUMPTIONS & CONFIGURATION
[2026-03-01 23:26:46] ====================================================================
[2026-03-01 23:26:46] 
[2026-03-01 23:26:46]   Config source:
[2026-03-01 23:26:46]     /Users/yolina/Desktop/Container_packing_optimizer/optimizer_config.json
[2026-03-01 23:26:46] 
[2026-03-01 23:26:46]   Container dimensions (internal usable space):
[2026-03-01 23:26:46]     Length : 1203 cm
[2026-03-01 23:26:46]     Width  : 235 cm
[2026-03-01 23:26:46]     Height : 270 cm
[2026-03-01 23:26:46]     Door H : 250 cm  ← ceiling constraint for loading
[2026-03-01 23:26:46]     Max wt : 18,000 kg
[2026-03-01 23:26:46] 
[2026-03-01 23:26:46]   Packing parameters:
[2026-03-01 23:26:46]     Row gap         : 5 cm  (fork-lift clearance between pallet rows)
[2026-03-01 23:26:46]     Solver time cap : 10 s per container
[2026-03-01 23:26:46] 
[2026-03-01 23:26:46]   Recommendation objective:
[2026-03-01 23:26:46]     Primary   : min_leftover
[2026-03-01 23:26:46]     Secondary : min_pallets
[2026-03-01 23:26:46] 
[2026-03-01 23:26:46]   HARDCODED PALLET STANDARDS (not user-configurable — requires code change):
[2026-03-01 23:26:46]     Recognised footprints : 115×115 cm, 115×108 cm, 115×77 cm, 77×77 cm
[2026-03-01 23:26:46]     Footprint tolerance   : ±2 cm  (raw dims snapped to nearest standard)
[2026-03-01 23:26:46]     Height bands          : <66 cm, 66–89 cm, 89–130 cm, >130 cm, 230 cm
[2026-03-01 23:26:46]     Stacking rules per band are fixed (see utils/oneDbuildblocks.py)
[2026-03-01 23:26:46] 
[2026-03-01 23:26:46]   HARDCODED COLUMN NAME ALIASES (Excel parsing):
[2026-03-01 23:26:46]     Pallet size  : 'Pallet and packing size', 'Pallet size', 'size'
[2026-03-01 23:26:46]     Qty          : 'External Packaging Quantity', 'Total order full pallets', ...
[2026-03-01 23:26:46]     Weight       : 'External Net weight', 'Net weight', 'Weight', ...
[2026-03-01 23:26:46]     NP type flag : 'NP' anywhere in pallet-type column triggers loose-box logic
[2026-03-01 23:26:46] 
[2026-03-01 23:26:46] ====================================================================
[2026-03-01 23:26:46] Base directory: /Users/yolina/Desktop/Container_packing_optimizer/app
[2026-03-01 23:26:46] Excel input: /Users/yolina/Desktop/Container_packing_optimizer/app/sample_instances/input_final.xlsx
[2026-03-01 23:26:46] === STEP 1: Parsing Excel ===
[2026-03-01 23:26:46] === STEP 2: Building Row-Blocks ===
[2026-03-01 23:26:46] === STEP 3: Solving Containers ===
[2026-03-01 23:26:48] === STEP 7: Assigning NP Boxes ===
[2026-03-01 23:26:48] === STEP 8: Fill Recommendations ===
[2026-03-01 23:26:48] Wrote recommendations: /Users/yolina/Desktop/Container_packing_optimizer/app/outputs/recommendations.json
[2026-03-01 23:26:48] === ALL CONTAINERS SOLVED ===
[2026-03-01 23:26:48] Wrote containers: /Users/yolina/Desktop/Container_packing_optimizer/app/outputs/containers.json
[2026-03-01 23:26:48] Wrote summary: /Users/yolina/Desktop/Container_packing_optimizer/app/outputs/summary.txt
[2026-03-01 23:26:48] === STEP 10: Excel Report ===
[2026-03-01 23:26:48] Wrote Excel report: /Users/yolina/Desktop/Container_packing_optimizer/app/outputs/report.xlsx
[2026-03-01 23:31:01] ====================================================================
[2026-03-01 23:31:01]   OPTIMIZER ASSUMPTIONS & CONFIGURATION
[2026-03-01 23:31:01] ====================================================================
[2026-03-01 23:31:01] 
[2026-03-01 23:31:01]   Config source:
[2026-03-01 23:31:01]     /Users/yolina/Desktop/Container_packing_optimizer/optimizer_config.json
[2026-03-01 23:31:01] 
[2026-03-01 23:31:01]   Container dimensions (internal usable space):
[2026-03-01 23:31:01]     Length : 1203 cm
[2026-03-01 23:31:01]     Width  : 235 cm
[2026-03-01 23:31:01]     Height : 270 cm
[2026-03-01 23:31:01]     Door H : 250 cm  ← ceiling constraint for loading
[2026-03-01 23:31:01]     Max wt : 18,000 kg
[2026-03-01 23:31:01] 
[2026-03-01 23:31:01]   Packing parameters:
[2026-03-01 23:31:01]     Row gap         : 5 cm  (fork-lift clearance between pallet rows)
[2026-03-01 23:31:01]     Solver time cap : 10 s per container
[2026-03-01 23:31:01] 
[2026-03-01 23:31:01]   Recommendation objective:
[2026-03-01 23:31:01]     Primary   : min_leftover
[2026-03-01 23:31:01]     Secondary : min_pallets
[2026-03-01 23:31:01] 
[2026-03-01 23:31:01]   HARDCODED PALLET STANDARDS (not user-configurable — requires code change):
[2026-03-01 23:31:01]     Recognised footprints : 115×115 cm, 115×108 cm, 115×77 cm, 77×77 cm
[2026-03-01 23:31:01]     Footprint tolerance   : ±2 cm  (raw dims snapped to nearest standard)
[2026-03-01 23:31:01]     Height bands          : <66 cm, 66–89 cm, 89–130 cm, >130 cm, 230 cm
[2026-03-01 23:31:01]     Stacking rules per band are fixed (see utils/oneDbuildblocks.py)
[2026-03-01 23:31:01] 
[2026-03-01 23:31:01]   HARDCODED COLUMN NAME ALIASES (Excel parsing):
[2026-03-01 23:31:01]     Pallet size  : 'Pallet and packing size', 'Pallet size', 'size'
[2026-03-01 23:31:01]     Qty          : 'External Packaging Quantity', 'Total order full pallets', ...
[2026-03-01 23:31:01]     Weight       : 'External Net weight', 'Net weight', 'Weight', ...
[2026-03-01 23:31:01]     NP type flag : 'NP' anywhere in pallet-type column triggers loose-box logic
[2026-03-01 23:31:01] 
[2026-03-01 23:31:01] ====================================================================
[2026-03-01 23:31:01] Base directory: /Users/yolina/Desktop/Container_packing_optimizer/app
[2026-03-01 23:31:01] Excel input: /Users/yolina/Desktop/Container_packing_optimizer/app/sample_instances/input_final.xlsx
[2026-03-01 23:31:01] === STEP 1: Parsing Excel ===
[2026-03-01 23:31:01] === STEP 2: Building Row-Blocks ===
[2026-03-01 23:31:01] === STEP 3: Solving Containers ===
[2026-03-01 23:31:03] === STEP 7: Assigning NP Boxes ===
[2026-03-01 23:31:03] === STEP 8: Fill Recommendations ===
[2026-03-01 23:31:03] Wrote recommendations: /Users/yolina/Desktop/Container_packing_optimizer/app/outputs/recommendations.json
[2026-03-01 23:31:03] === ALL CONTAINERS SOLVED ===
[2026-03-01 23:31:03] Wrote containers: /Users/yolina/Desktop/Container_packing_optimizer/app/outputs/containers.json
[2026-03-01 23:31:03] Wrote summary: /Users/yolina/Desktop/Container_packing_optimizer/app/outputs/summary.txt
[2026-03-01 23:31:03] === STEP 10: Excel Report ===
[2026-03-01 23:31:03] Wrote Excel report: /Users/yolina/Desktop/Container_packing_optimizer/app/outputs/report.xlsx
[2026-03-01 23:31:32] ====================================================================
[2026-03-01 23:31:32]   OPTIMIZER ASSUMPTIONS & CONFIGURATION
[2026-03-01 23:31:32] ====================================================================
[2026-03-01 23:31:32] 
[2026-03-01 23:31:32]   Config source:
[2026-03-01 23:31:32]     /Users/yolina/Desktop/Container_packing_optimizer/optimizer_config.json
[2026-03-01 23:31:32] 
[2026-03-01 23:31:32]   Container dimensions (internal usable space):
[2026-03-01 23:31:32]     Length : 1203 cm
[2026-03-01 23:31:32]     Width  : 235 cm
[2026-03-01 23:31:32]     Height : 270 cm
[2026-03-01 23:31:32]     Door H : 250 cm  ← ceiling constraint for loading
[2026-03-01 23:31:32]     Max wt : 18,000 kg
[2026-03-01 23:31:32] 
[2026-03-01 23:31:32]   Packing parameters:
[2026-03-01 23:31:32]     Row gap         : 5 cm  (fork-lift clearance between pallet rows)
[2026-03-01 23:31:32]     Solver time cap : 10 s per container
[2026-03-01 23:31:32] 
[2026-03-01 23:31:32]   Recommendation objective:
[2026-03-01 23:31:32]     Primary   : min_leftover
[2026-03-01 23:31:32]     Secondary : min_pallets
[2026-03-01 23:31:32] 
[2026-03-01 23:31:32]   HARDCODED PALLET STANDARDS (not user-configurable — requires code change):
[2026-03-01 23:31:32]     Recognised footprints : 115×115 cm, 115×108 cm, 115×77 cm, 77×77 cm
[2026-03-01 23:31:32]     Footprint tolerance   : ±2 cm  (raw dims snapped to nearest standard)
[2026-03-01 23:31:32]     Height bands          : <66 cm, 66–89 cm, 89–130 cm, >130 cm, 230 cm
[2026-03-01 23:31:32]     Stacking rules per band are fixed (see utils/oneDbuildblocks.py)
[2026-03-01 23:31:32] 
[2026-03-01 23:31:32]   HARDCODED COLUMN NAME ALIASES (Excel parsing):
[2026-03-01 23:31:32]     Pallet size  : 'Pallet and packing size', 'Pallet size', 'size'
[2026-03-01 23:31:32]     Qty          : 'External Packaging Quantity', 'Total order full pallets', ...
[2026-03-01 23:31:32]     Weight       : 'External Net weight', 'Net weight', 'Weight', ...
[2026-03-01 23:31:32]     NP type flag : 'NP' anywhere in pallet-type column triggers loose-box logic
[2026-03-01 23:31:32] 
[2026-03-01 23:31:32] ====================================================================
[2026-03-01 23:31:32] Base directory: /Users/yolina/Desktop/Container_packing_optimizer/app
[2026-03-01 23:31:32] Excel input: /Users/yolina/Desktop/Container_packing_optimizer/app/sample_instances/input_final.xlsx
[2026-03-01 23:31:32] === STEP 1: Parsing Excel ===
[2026-03-01 23:31:32] === STEP 2: Building Row-Blocks ===
[2026-03-01 23:31:32] === STEP 3: Solving Containers ===
[2026-03-01 23:31:34] === STEP 7: Assigning NP Boxes ===
[2026-03-01 23:31:34] === STEP 8: Fill Recommendations ===
[2026-03-01 23:31:34] Wrote recommendations: /Users/yolina/Desktop/Container_packing_optimizer/app/outputs/recommendations.json
[2026-03-01 23:31:34] === ALL CONTAINERS SOLVED ===
[2026-03-01 23:31:34] Wrote containers: /Users/yolina/Desktop/Container_packing_optimizer/app/outputs/containers.json
[2026-03-01 23:31:34] Wrote summary: /Users/yolina/Desktop/Container_packing_optimizer/app/outputs/summary.txt
[2026-03-01 23:31:34] === STEP 10: Excel Report ===
[2026-03-01 23:31:34] Wrote Excel report: /Users/yolina/Desktop/Container_packing_optimizer/app/outputs/report.xlsx
[2026-03-02 00:50:07] ====================================================================
[2026-03-02 00:50:07]   OPTIMIZER ASSUMPTIONS & CONFIGURATION
[2026-03-02 00:50:07] ====================================================================
[2026-03-02 00:50:07] 
[2026-03-02 00:50:07]   Config source:
[2026-03-02 00:50:07]     /Users/yolina/Desktop/Container_packing_optimizer/optimizer_config.json
[2026-03-02 00:50:07] 
[2026-03-02 00:50:07]   Container dimensions (internal usable space):
[2026-03-02 00:50:07]     Length : 1203 cm
[2026-03-02 00:50:07]     Width  : 235 cm
[2026-03-02 00:50:07]     Height : 270 cm
[2026-03-02 00:50:07]     Door H : 250 cm  ← ceiling constraint for loading
[2026-03-02 00:50:07]     Max wt : 18,000 kg
[2026-03-02 00:50:07] 
[2026-03-02 00:50:07]   Packing parameters:
[2026-03-02 00:50:07]     Row gap         : 5 cm  (fork-lift clearance between pallet rows)
[2026-03-02 00:50:07]     Solver time cap : 10 s per container
[2026-03-02 00:50:07] 
[2026-03-02 00:50:07]   Recommendation objective:
[2026-03-02 00:50:07]     Primary   : min_leftover
[2026-03-02 00:50:07]     Secondary : min_pallets
[2026-03-02 00:50:07] 
[2026-03-02 00:50:07]   HARDCODED PALLET STANDARDS (not user-configurable — requires code change):
[2026-03-02 00:50:07]     Recognised footprints : 115×115 cm, 115×108 cm, 115×77 cm, 77×77 cm
[2026-03-02 00:50:07]     Footprint tolerance   : ±2 cm  (raw dims snapped to nearest standard)
[2026-03-02 00:50:07]     Height bands          : <66 cm, 66–89 cm, 89–130 cm, >130 cm, 230 cm
[2026-03-02 00:50:07]     Stacking rules per band are fixed (see utils/oneDbuildblocks.py)
[2026-03-02 00:50:07] 
[2026-03-02 00:50:07]   HARDCODED COLUMN NAME ALIASES (Excel parsing):
[2026-03-02 00:50:07]     Pallet size  : 'Pallet and packing size', 'Pallet size', 'size'
[2026-03-02 00:50:07]     Qty          : 'External Packaging Quantity', 'Total order full pallets', ...
[2026-03-02 00:50:07]     Weight       : 'External Net weight', 'Net weight', 'Weight', ...
[2026-03-02 00:50:07]     NP type flag : 'NP' anywhere in pallet-type column triggers loose-box logic
[2026-03-02 00:50:07] 
[2026-03-02 00:50:07] ====================================================================
[2026-03-02 00:50:07] Base directory: /Users/yolina/Desktop/Container_packing_optimizer/app
[2026-03-02 00:50:07] Excel input: /Users/yolina/Desktop/Container_packing_optimizer/app/sample_instances/input_final.xlsx
[2026-03-02 00:50:07] === STEP 1: Parsing Excel ===
[2026-03-02 00:50:07] === STEP 2: Building Row-Blocks ===
[2026-03-02 00:50:07] === STEP 3: Solving Containers ===
[2026-03-02 00:50:09] === STEP 7: Assigning NP Boxes ===
[2026-03-02 00:50:09] === STEP 8: Fill Recommendations ===
[2026-03-02 00:50:09] Wrote recommendations: /Users/yolina/Desktop/Container_packing_optimizer/app/outputs/recommendations.json
[2026-03-02 00:50:09] === ALL CONTAINERS SOLVED ===
[2026-03-02 00:50:09] Wrote containers: /Users/yolina/Desktop/Container_packing_optimizer/app/outputs/containers.json
[2026-03-02 00:50:09] Wrote summary: /Users/yolina/Desktop/Container_packing_optimizer/app/outputs/summary.txt
[2026-03-02 00:50:09] === STEP 10: Excel Report ===
[2026-03-02 00:50:09] Wrote Excel report: /Users/yolina/Desktop/Container_packing_optimizer/app/outputs/report.xlsx
[2026-03-02 01:00:29] ====================================================================
[2026-03-02 01:00:29]   OPTIMIZER ASSUMPTIONS & CONFIGURATION
[2026-03-02 01:00:29] ====================================================================
[2026-03-02 01:00:29] 
[2026-03-02 01:00:29]   Config source:
[2026-03-02 01:00:29]     /Users/yolina/Desktop/Container_packing_optimizer/optimizer_config.json
[2026-03-02 01:00:29] 
[2026-03-02 01:00:29]   Container dimensions (internal usable space):
[2026-03-02 01:00:29]     Length : 1203 cm
[2026-03-02 01:00:29]     Width  : 235 cm
[2026-03-02 01:00:29]     Height : 270 cm
[2026-03-02 01:00:29]     Door H : 250 cm  ← ceiling constraint for loading
[2026-03-02 01:00:29]     Max wt : 18,000 kg
[2026-03-02 01:00:29] 
[2026-03-02 01:00:29]   Packing parameters:
[2026-03-02 01:00:29]     Row gap         : 5 cm  (fork-lift clearance between pallet rows)
[2026-03-02 01:00:29]     Solver time cap : 10 s per container
[2026-03-02 01:00:29] 
[2026-03-02 01:00:29]   Recommendation objective:
[2026-03-02 01:00:29]     Primary   : min_leftover
[2026-03-02 01:00:29]     Secondary : min_pallets
[2026-03-02 01:00:29] 
[2026-03-02 01:00:29]   HARDCODED PALLET STANDARDS (not user-configurable — requires code change):
[2026-03-02 01:00:29]     Recognised footprints : 115×115 cm, 115×108 cm, 115×77 cm, 77×77 cm
[2026-03-02 01:00:29]     Footprint tolerance   : ±2 cm  (raw dims snapped to nearest standard)
[2026-03-02 01:00:29]     Height bands          : <66 cm, 66–89 cm, 89–130 cm, >130 cm, 230 cm
[2026-03-02 01:00:29]     Stacking rules per band are fixed (see utils/oneDbuildblocks.py)
[2026-03-02 01:00:29] 
[2026-03-02 01:00:29]   HARDCODED COLUMN NAME ALIASES (Excel parsing):
[2026-03-02 01:00:29]     Pallet size  : 'Pallet and packing size', 'Pallet size', 'size'
[2026-03-02 01:00:29]     Qty          : 'External Packaging Quantity', 'Total order full pallets', ...
[2026-03-02 01:00:29]     Weight       : 'External Net weight', 'Net weight', 'Weight', ...
[2026-03-02 01:00:29]     NP type flag : 'NP' anywhere in pallet-type column triggers loose-box logic
[2026-03-02 01:00:29] 
[2026-03-02 01:00:29] ====================================================================
[2026-03-02 01:00:29] Base directory: /Users/yolina/Desktop/Container_packing_optimizer/app
[2026-03-02 01:00:29] Excel input: /Users/yolina/Desktop/Container_packing_optimizer/app/sample_instances/input_final.xlsx
[2026-03-02 01:00:29] === STEP 1: Parsing Excel ===
[2026-03-02 01:00:29] === STEP 2: Building Row-Blocks ===
[2026-03-02 01:00:29] === STEP 3: Solving Containers ===
[2026-03-02 01:00:31] === STEP 7: Assigning NP Boxes ===
[2026-03-02 01:00:31] === STEP 8: Fill Recommendations ===
[2026-03-02 01:00:31] Wrote recommendations: /Users/yolina/Desktop/Container_packing_optimizer/app/outputs/recommendations.json
[2026-03-02 01:00:31] === ALL CONTAINERS SOLVED ===
[2026-03-02 01:00:31] Wrote containers: /Users/yolina/Desktop/Container_packing_optimizer/app/outputs/containers.json
[2026-03-02 01:00:31] Wrote summary: /Users/yolina/Desktop/Container_packing_optimizer/app/outputs/summary.txt
[2026-03-02 01:00:31] === STEP 10: Excel Report ===
[2026-03-02 01:00:31] Wrote Excel report: /Users/yolina/Desktop/Container_packing_optimizer/app/outputs/report.xlsx
[2026-03-02 10:19:49] ====================================================================
[2026-03-02 10:19:49]   OPTIMIZER ASSUMPTIONS & CONFIGURATION
[2026-03-02 10:19:49] ====================================================================
[2026-03-02 10:19:49] 
[2026-03-02 10:19:49]   Config source:
[2026-03-02 10:19:49]     /Users/yolina/Desktop/Container_packing_optimizer/optimizer_config.json
[2026-03-02 10:19:49] 
[2026-03-02 10:19:49]   Container dimensions (internal usable space):
[2026-03-02 10:19:49]     Length : 1203 cm
[2026-03-02 10:19:49]     Width  : 235 cm
[2026-03-02 10:19:49]     Height : 270 cm
[2026-03-02 10:19:49]     Door H : 250 cm  ← ceiling constraint for loading
[2026-03-02 10:19:49]     Max wt : 18,000 kg
[2026-03-02 10:19:49] 
[2026-03-02 10:19:49]   Packing parameters:
[2026-03-02 10:19:49]     Row gap         : 5 cm  (fork-lift clearance between pallet rows)
[2026-03-02 10:19:49]     Solver time cap : 10 s per container
[2026-03-02 10:19:49] 
[2026-03-02 10:19:49]   Recommendation objective:
[2026-03-02 10:19:49]     Primary   : min_leftover
[2026-03-02 10:19:49]     Secondary : min_pallets
[2026-03-02 10:19:49] 
[2026-03-02 10:19:49]   HARDCODED PALLET STANDARDS (not user-configurable — requires code change):
[2026-03-02 10:19:49]     Recognised footprints : 115×115 cm, 115×108 cm, 115×77 cm, 77×77 cm
[2026-03-02 10:19:49]     Footprint tolerance   : ±2 cm  (raw dims snapped to nearest standard)
[2026-03-02 10:19:49]     Height bands          : <66 cm, 66–89 cm, 89–130 cm, >130 cm, 230 cm
[2026-03-02 10:19:49]     Stacking rules per band are fixed (see utils/oneDbuildblocks.py)
[2026-03-02 10:19:49] 
[2026-03-02 10:19:49]   HARDCODED COLUMN NAME ALIASES (Excel parsing):
[2026-03-02 10:19:49]     Pallet size  : 'Pallet and packing size', 'Pallet size', 'size'
[2026-03-02 10:19:49]     Qty          : 'External Packaging Quantity', 'Total order full pallets', ...
[2026-03-02 10:19:49]     Weight       : 'External Net weight', 'Net weight', 'Weight', ...
[2026-03-02 10:19:49]     NP type flag : 'NP' anywhere in pallet-type column triggers loose-box logic
[2026-03-02 10:19:49] 
[2026-03-02 10:19:49] ====================================================================
[2026-03-02 10:19:49] Base directory: /Users/yolina/Desktop/Container_packing_optimizer/app
[2026-03-02 10:19:49] Excel input: /Users/yolina/Desktop/Container_packing_optimizer/app/sample_instances/input_final.xlsx
[2026-03-02 10:19:49] === STEP 1: Parsing Excel ===
[2026-03-02 10:19:49] === STEP 2: Building Row-Blocks ===
[2026-03-02 10:19:49] === STEP 3: Solving Containers ===
[2026-03-02 10:19:51] === STEP 7: Assigning NP Boxes ===
[2026-03-02 10:19:52] === STEP 8: Fill Recommendations ===
[2026-03-02 10:19:52] Wrote recommendations: /Users/yolina/Desktop/Container_packing_optimizer/app/outputs/recommendations.json
[2026-03-02 10:19:52] === ALL CONTAINERS SOLVED ===
[2026-03-02 10:19:52] Wrote containers: /Users/yolina/Desktop/Container_packing_optimizer/app/outputs/containers.json
[2026-03-02 10:19:52] Wrote summary: /Users/yolina/Desktop/Container_packing_optimizer/app/outputs/summary.txt
[2026-03-02 10:19:52] === STEP 10: Excel Report ===
[2026-03-02 10:19:52] Wrote Excel report: /Users/yolina/Desktop/Container_packing_optimizer/app/outputs/report.xlsx
[2026-03-02 10:21:07] ====================================================================
[2026-03-02 10:21:07]   OPTIMIZER ASSUMPTIONS & CONFIGURATION
[2026-03-02 10:21:07] ====================================================================
[2026-03-02 10:21:07] 
[2026-03-02 10:21:07]   Config source:
[2026-03-02 10:21:07]     /Users/yolina/Desktop/Container_packing_optimizer/optimizer_config.json
[2026-03-02 10:21:07] 
[2026-03-02 10:21:07]   Container dimensions (internal usable space):
[2026-03-02 10:21:07]     Length : 1203 cm
[2026-03-02 10:21:07]     Width  : 235 cm
[2026-03-02 10:21:07]     Height : 270 cm
[2026-03-02 10:21:07]     Door H : 250 cm  ← ceiling constraint for loading
[2026-03-02 10:21:07]     Max wt : 18,000 kg
[2026-03-02 10:21:07] 
[2026-03-02 10:21:07]   Packing parameters:
[2026-03-02 10:21:07]     Row gap         : 5 cm  (fork-lift clearance between pallet rows)
[2026-03-02 10:21:07]     Solver time cap : 10 s per container
[2026-03-02 10:21:07] 
[2026-03-02 10:21:07]   Recommendation objective:
[2026-03-02 10:21:07]     Primary   : min_leftover
[2026-03-02 10:21:07]     Secondary : min_pallets
[2026-03-02 10:21:07] 
[2026-03-02 10:21:07]   HARDCODED PALLET STANDARDS (not user-configurable — requires code change):
[2026-03-02 10:21:07]     Recognised footprints : 115×115 cm, 115×108 cm, 115×77 cm, 77×77 cm
[2026-03-02 10:21:07]     Footprint tolerance   : ±2 cm  (raw dims snapped to nearest standard)
[2026-03-02 10:21:07]     Height bands          : <66 cm, 66–89 cm, 89–130 cm, >130 cm, 230 cm
[2026-03-02 10:21:07]     Stacking rules per band are fixed (see utils/oneDbuildblocks.py)
[2026-03-02 10:21:07] 
[2026-03-02 10:21:07]   HARDCODED COLUMN NAME ALIASES (Excel parsing):
[2026-03-02 10:21:07]     Pallet size  : 'Pallet and packing size', 'Pallet size', 'size'
[2026-03-02 10:21:07]     Qty          : 'External Packaging Quantity', 'Total order full pallets', ...
[2026-03-02 10:21:07]     Weight       : 'External Net weight', 'Net weight', 'Weight', ...
[2026-03-02 10:21:07]     NP type flag : 'NP' anywhere in pallet-type column triggers loose-box logic
[2026-03-02 10:21:07] 
[2026-03-02 10:21:07] ====================================================================
[2026-03-02 10:21:07] Base directory: /Users/yolina/Desktop/Container_packing_optimizer/app
[2026-03-02 10:21:07] Excel input: /Users/yolina/Desktop/Container_packing_optimizer/app/sample_instances/input_final.xlsx
[2026-03-02 10:21:07] === STEP 1: Parsing Excel ===
[2026-03-02 10:21:07] === STEP 2: Building Row-Blocks ===
[2026-03-02 10:21:07] === STEP 3: Solving Containers ===
[2026-03-02 10:21:09] === STEP 7: Assigning NP Boxes ===
[2026-03-02 10:21:09] === STEP 8: Fill Recommendations ===
[2026-03-02 10:21:09] Wrote recommendations: /Users/yolina/Desktop/Container_packing_optimizer/app/outputs/recommendations.json
[2026-03-02 10:21:09] === ALL CONTAINERS SOLVED ===
[2026-03-02 10:21:09] Wrote containers: /Users/yolina/Desktop/Container_packing_optimizer/app/outputs/containers.json
[2026-03-02 10:21:09] Wrote summary: /Users/yolina/Desktop/Container_packing_optimizer/app/outputs/summary.txt
[2026-03-02 10:21:09] === STEP 10: Excel Report ===
[2026-03-02 10:21:09] Wrote Excel report: /Users/yolina/Desktop/Container_packing_optimizer/app/outputs/report.xlsx
[2026-03-02 10:27:12] ====================================================================
[2026-03-02 10:27:12]   OPTIMIZER ASSUMPTIONS & CONFIGURATION
[2026-03-02 10:27:12] ====================================================================
[2026-03-02 10:27:12] 
[2026-03-02 10:27:12]   Config source:
[2026-03-02 10:27:12]     /Users/yolina/Desktop/Container_packing_optimizer/optimizer_config.json
[2026-03-02 10:27:12] 
[2026-03-02 10:27:12]   Container dimensions (internal usable space):
[2026-03-02 10:27:12]     Length : 1203 cm
[2026-03-02 10:27:12]     Width  : 235 cm
[2026-03-02 10:27:12]     Height : 270 cm
[2026-03-02 10:27:12]     Door H : 250 cm  ← ceiling constraint for loading
[2026-03-02 10:27:12]     Max wt : 18,000 kg
[2026-03-02 10:27:12] 
[2026-03-02 10:27:12]   Packing parameters:
[2026-03-02 10:27:12]     Row gap         : 5 cm  (fork-lift clearance between pallet rows)
[2026-03-02 10:27:12]     Solver time cap : 10 s per container
[2026-03-02 10:27:12] 
[2026-03-02 10:27:12]   Recommendation objective:
[2026-03-02 10:27:12]     Primary   : min_leftover
[2026-03-02 10:27:12]     Secondary : min_pallets
[2026-03-02 10:27:12] 
[2026-03-02 10:27:12]   HARDCODED PALLET STANDARDS (not user-configurable — requires code change):
[2026-03-02 10:27:12]     Recognised footprints : 115×115 cm, 115×108 cm, 115×77 cm, 77×77 cm
[2026-03-02 10:27:12]     Footprint tolerance   : ±2 cm  (raw dims snapped to nearest standard)
[2026-03-02 10:27:12]     Height bands          : <66 cm, 66–89 cm, 89–130 cm, >130 cm, 230 cm
[2026-03-02 10:27:12]     Stacking rules per band are fixed (see utils/oneDbuildblocks.py)
[2026-03-02 10:27:12] 
[2026-03-02 10:27:12]   HARDCODED COLUMN NAME ALIASES (Excel parsing):
[2026-03-02 10:27:12]     Pallet size  : 'Pallet and packing size', 'Pallet size', 'size'
[2026-03-02 10:27:12]     Qty          : 'External Packaging Quantity', 'Total order full pallets', ...
[2026-03-02 10:27:12]     Weight       : 'External Net weight', 'Net weight', 'Weight', ...
[2026-03-02 10:27:12]     NP type flag : 'NP' anywhere in pallet-type column triggers loose-box logic
[2026-03-02 10:27:12] 
[2026-03-02 10:27:12] ====================================================================
[2026-03-02 10:27:12] Base directory: /Users/yolina/Desktop/Container_packing_optimizer/app
[2026-03-02 10:27:12] Excel input: /Users/yolina/Desktop/Container_packing_optimizer/app/sample_instances/input_final.xlsx
[2026-03-02 10:27:12] === STEP 1: Parsing Excel ===
[2026-03-02 10:27:12] === STEP 2: Building Row-Blocks ===
[2026-03-02 10:27:12] Wrote summary: /Users/yolina/Desktop/Container_packing_optimizer/app/outputs/summary.txt
[2026-03-02 10:27:28] ====================================================================
[2026-03-02 10:27:28]   OPTIMIZER ASSUMPTIONS & CONFIGURATION
[2026-03-02 10:27:28] ====================================================================
[2026-03-02 10:27:28] 
[2026-03-02 10:27:28]   Config source:
[2026-03-02 10:27:28]     /Users/yolina/Desktop/Container_packing_optimizer/optimizer_config.json
[2026-03-02 10:27:28] 
[2026-03-02 10:27:28]   Container dimensions (internal usable space):
[2026-03-02 10:27:28]     Length : 1203 cm
[2026-03-02 10:27:28]     Width  : 235 cm
[2026-03-02 10:27:28]     Height : 270 cm
[2026-03-02 10:27:28]     Door H : 250 cm  ← ceiling constraint for loading
[2026-03-02 10:27:28]     Max wt : 18,000 kg
[2026-03-02 10:27:28] 
[2026-03-02 10:27:28]   Packing parameters:
[2026-03-02 10:27:28]     Row gap         : 5 cm  (fork-lift clearance between pallet rows)
[2026-03-02 10:27:28]     Solver time cap : 10 s per container
[2026-03-02 10:27:28] 
[2026-03-02 10:27:28]   Recommendation objective:
[2026-03-02 10:27:28]     Primary   : min_leftover
[2026-03-02 10:27:28]     Secondary : min_pallets
[2026-03-02 10:27:28] 
[2026-03-02 10:27:28]   HARDCODED PALLET STANDARDS (not user-configurable — requires code change):
[2026-03-02 10:27:28]     Recognised footprints : 115×115 cm, 115×108 cm, 115×77 cm, 77×77 cm
[2026-03-02 10:27:28]     Footprint tolerance   : ±2 cm  (raw dims snapped to nearest standard)
[2026-03-02 10:27:28]     Height bands          : <66 cm, 66–89 cm, 89–130 cm, >130 cm, 230 cm
[2026-03-02 10:27:28]     Stacking rules per band are fixed (see utils/oneDbuildblocks.py)
[2026-03-02 10:27:28] 
[2026-03-02 10:27:28]   HARDCODED COLUMN NAME ALIASES (Excel parsing):
[2026-03-02 10:27:28]     Pallet size  : 'Pallet and packing size', 'Pallet size', 'size'
[2026-03-02 10:27:28]     Qty          : 'External Packaging Quantity', 'Total order full pallets', ...
[2026-03-02 10:27:28]     Weight       : 'External Net weight', 'Net weight', 'Weight', ...
[2026-03-02 10:27:28]     NP type flag : 'NP' anywhere in pallet-type column triggers loose-box logic
[2026-03-02 10:27:28] 
[2026-03-02 10:27:28] ====================================================================
[2026-03-02 10:27:28] Base directory: /Users/yolina/Desktop/Container_packing_optimizer/app
[2026-03-02 10:27:28] Excel input: /Users/yolina/Desktop/Container_packing_optimizer/app/sample_instances/input_final.xlsx
[2026-03-02 10:27:28] === STEP 1: Parsing Excel ===
[2026-03-02 10:27:28] === STEP 2: Building Row-Blocks ===
[2026-03-02 10:27:28] Wrote summary: /Users/yolina/Desktop/Container_packing_optimizer/app/outputs/summary.txt
[2026-03-02 10:30:35] ====================================================================
[2026-03-02 10:30:35]   OPTIMIZER ASSUMPTIONS & CONFIGURATION
[2026-03-02 10:30:35] ====================================================================
[2026-03-02 10:30:35] 
[2026-03-02 10:30:35]   Config source:
[2026-03-02 10:30:35]     /Users/yolina/Desktop/Container_packing_optimizer/optimizer_config.json
[2026-03-02 10:30:35] 
[2026-03-02 10:30:35]   Container dimensions (internal usable space):
[2026-03-02 10:30:35]     Length : 1203 cm
[2026-03-02 10:30:35]     Width  : 235 cm
[2026-03-02 10:30:35]     Height : 270 cm
[2026-03-02 10:30:35]     Door H : 250 cm  ← ceiling constraint for loading
[2026-03-02 10:30:35]     Max wt : 18,000 kg
[2026-03-02 10:30:35] 
[2026-03-02 10:30:35]   Packing parameters:
[2026-03-02 10:30:35]     Row gap         : 5 cm  (fork-lift clearance between pallet rows)
[2026-03-02 10:30:35]     Solver time cap : 10 s per container
[2026-03-02 10:30:35] 
[2026-03-02 10:30:35]   Recommendation objective:
[2026-03-02 10:30:35]     Primary   : min_leftover
[2026-03-02 10:30:35]     Secondary : min_pallets
[2026-03-02 10:30:35] 
[2026-03-02 10:30:35]   HARDCODED PALLET STANDARDS (not user-configurable — requires code change):
[2026-03-02 10:30:35]     Recognised footprints : 115×115 cm, 115×108 cm, 115×77 cm, 77×77 cm
[2026-03-02 10:30:35]     Footprint tolerance   : ±2 cm  (raw dims snapped to nearest standard)
[2026-03-02 10:30:35]     Height bands          : <66 cm, 66–89 cm, 89–130 cm, >130 cm, 230 cm
[2026-03-02 10:30:35]     Stacking rules per band are fixed (see utils/oneDbuildblocks.py)
[2026-03-02 10:30:35] 
[2026-03-02 10:30:35]   HARDCODED COLUMN NAME ALIASES (Excel parsing):
[2026-03-02 10:30:35]     Pallet size  : 'Pallet and packing size', 'Pallet size', 'size'
[2026-03-02 10:30:35]     Qty          : 'External Packaging Quantity', 'Total order full pallets', ...
[2026-03-02 10:30:35]     Weight       : 'External Net weight', 'Net weight', 'Weight', ...
[2026-03-02 10:30:35]     NP type flag : 'NP' anywhere in pallet-type column triggers loose-box logic
[2026-03-02 10:30:35] 
[2026-03-02 10:30:35] ====================================================================
[2026-03-02 10:30:35] Base directory: /Users/yolina/Desktop/Container_packing_optimizer/app
[2026-03-02 10:30:35] Excel input: /Users/yolina/Desktop/Container_packing_optimizer/app/sample_instances/input_final.xlsx
[2026-03-02 10:30:35] === STEP 1: Parsing Excel ===
[2026-03-02 10:30:35] === STEP 2: Building Row-Blocks ===
[2026-03-02 10:30:35] === STEP 3: Solving Containers ===
[2026-03-02 10:32:07] ====================================================================
[2026-03-02 10:32:07]   OPTIMIZER ASSUMPTIONS & CONFIGURATION
[2026-03-02 10:32:07] ====================================================================
[2026-03-02 10:32:07] 
[2026-03-02 10:32:07]   Config source:
[2026-03-02 10:32:07]     /Users/yolina/Desktop/Container_packing_optimizer/optimizer_config.json
[2026-03-02 10:32:07] 
[2026-03-02 10:32:07]   Container dimensions (internal usable space):
[2026-03-02 10:32:07]     Length : 1203 cm
[2026-03-02 10:32:07]     Width  : 235 cm
[2026-03-02 10:32:07]     Height : 270 cm
[2026-03-02 10:32:07]     Door H : 250 cm  ← ceiling constraint for loading
[2026-03-02 10:32:07]     Max wt : 18,000 kg
[2026-03-02 10:32:07] 
[2026-03-02 10:32:07]   Packing parameters:
[2026-03-02 10:32:07]     Row gap         : 5 cm  (fork-lift clearance between pallet rows)
[2026-03-02 10:32:07]     Solver time cap : 10 s per container
[2026-03-02 10:32:07] 
[2026-03-02 10:32:07]   Recommendation objective:
[2026-03-02 10:32:07]     Primary   : min_leftover
[2026-03-02 10:32:07]     Secondary : min_pallets
[2026-03-02 10:32:07] 
[2026-03-02 10:32:07]   HARDCODED PALLET STANDARDS (not user-configurable — requires code change):
[2026-03-02 10:32:07]     Recognised footprints : 115×115 cm, 115×108 cm, 115×77 cm, 77×77 cm
[2026-03-02 10:32:07]     Footprint tolerance   : ±2 cm  (raw dims snapped to nearest standard)
[2026-03-02 10:32:08]     Height bands          : <66 cm, 66–89 cm, 89–130 cm, >130 cm, 230 cm
[2026-03-02 10:32:08]     Stacking rules per band are fixed (see utils/oneDbuildblocks.py)
[2026-03-02 10:32:08] 
[2026-03-02 10:32:08]   HARDCODED COLUMN NAME ALIASES (Excel parsing):
[2026-03-02 10:32:08]     Pallet size  : 'Pallet and packing size', 'Pallet size', 'size'
[2026-03-02 10:32:08]     Qty          : 'External Packaging Quantity', 'Total order full pallets', ...
[2026-03-02 10:32:08]     Weight       : 'External Net weight', 'Net weight', 'Weight', ...
[2026-03-02 10:32:08]     NP type flag : 'NP' anywhere in pallet-type column triggers loose-box logic
[2026-03-02 10:32:08] 
[2026-03-02 10:32:08] ====================================================================
[2026-03-02 10:32:08] Base directory: /Users/yolina/Desktop/Container_packing_optimizer/app
[2026-03-02 10:32:08] Excel input: /Users/yolina/Desktop/Container_packing_optimizer/app/sample_instances/input_final.xlsx
[2026-03-02 10:32:08] === STEP 1: Parsing Excel ===
[2026-03-02 10:32:08] === STEP 2: Building Row-Blocks ===
[2026-03-02 10:32:08] Wrote summary: /Users/yolina/Desktop/Container_packing_optimizer/app/outputs/summary.txt
[2026-03-02 10:32:59] ====================================================================
[2026-03-02 10:32:59]   OPTIMIZER ASSUMPTIONS & CONFIGURATION
[2026-03-02 10:32:59] ====================================================================
[2026-03-02 10:32:59] 
[2026-03-02 10:32:59]   Config source:
[2026-03-02 10:32:59]     /Users/yolina/Desktop/Container_packing_optimizer/optimizer_config.json
[2026-03-02 10:32:59] 
[2026-03-02 10:32:59]   Container dimensions (internal usable space):
[2026-03-02 10:32:59]     Length : 1203 cm
[2026-03-02 10:32:59]     Width  : 235 cm
[2026-03-02 10:32:59]     Height : 270 cm
[2026-03-02 10:32:59]     Door H : 250 cm  ← ceiling constraint for loading
[2026-03-02 10:32:59]     Max wt : 18,000 kg
[2026-03-02 10:32:59] 
[2026-03-02 10:32:59]   Packing parameters:
[2026-03-02 10:32:59]     Row gap         : 5 cm  (fork-lift clearance between pallet rows)
[2026-03-02 10:32:59]     Solver time cap : 10 s per container
[2026-03-02 10:32:59] 
[2026-03-02 10:32:59]   Recommendation objective:
[2026-03-02 10:32:59]     Primary   : min_leftover
[2026-03-02 10:32:59]     Secondary : min_pallets
[2026-03-02 10:32:59] 
[2026-03-02 10:32:59]   HARDCODED PALLET STANDARDS (not user-configurable — requires code change):
[2026-03-02 10:32:59]     Recognised footprints : 115×115 cm, 115×108 cm, 115×77 cm, 77×77 cm
[2026-03-02 10:32:59]     Footprint tolerance   : ±2 cm  (raw dims snapped to nearest standard)
[2026-03-02 10:32:59]     Height bands          : <66 cm, 66–89 cm, 89–130 cm, >130 cm, 230 cm
[2026-03-02 10:32:59]     Stacking rules per band are fixed (see utils/oneDbuildblocks.py)
[2026-03-02 10:32:59] 
[2026-03-02 10:32:59]   HARDCODED COLUMN NAME ALIASES (Excel parsing):
[2026-03-02 10:32:59]     Pallet size  : 'Pallet and packing size', 'Pallet size', 'size'
[2026-03-02 10:32:59]     Qty          : 'External Packaging Quantity', 'Total order full pallets', ...
[2026-03-02 10:32:59]     Weight       : 'External Net weight', 'Net weight', 'Weight', ...
[2026-03-02 10:32:59]     NP type flag : 'NP' anywhere in pallet-type column triggers loose-box logic
[2026-03-02 10:32:59] 
[2026-03-02 10:32:59] ====================================================================
[2026-03-02 10:32:59] Base directory: /Users/yolina/Desktop/Container_packing_optimizer/app
[2026-03-02 10:32:59] Excel input: /Users/yolina/Desktop/Container_packing_optimizer/app/sample_instances/input_final.xlsx
[2026-03-02 10:32:59] === STEP 1: Parsing Excel ===
[2026-03-02 10:32:59] === STEP 2: Building Row-Blocks ===
[2026-03-02 10:33:00] Wrote summary: /Users/yolina/Desktop/Container_packing_optimizer/app/outputs/summary.txt
[2026-03-02 10:34:33] ====================================================================
[2026-03-02 10:34:33]   OPTIMIZER ASSUMPTIONS & CONFIGURATION
[2026-03-02 10:34:33] ====================================================================
[2026-03-02 10:34:33] 
[2026-03-02 10:34:33]   Config source:
[2026-03-02 10:34:33]     /Users/yolina/Desktop/Container_packing_optimizer/optimizer_config.json
[2026-03-02 10:34:33] 
[2026-03-02 10:34:33]   Container dimensions (internal usable space):
[2026-03-02 10:34:33]     Length : 1203 cm
[2026-03-02 10:34:33]     Width  : 235 cm
[2026-03-02 10:34:33]     Height : 270 cm
[2026-03-02 10:34:33]     Door H : 250 cm  ← ceiling constraint for loading
[2026-03-02 10:34:33]     Max wt : 18,000 kg
[2026-03-02 10:34:33] 
[2026-03-02 10:34:33]   Packing parameters:
[2026-03-02 10:34:33]     Row gap         : 5 cm  (fork-lift clearance between pallet rows)
[2026-03-02 10:34:33]     Solver time cap : 10 s per container
[2026-03-02 10:34:33] 
[2026-03-02 10:34:33]   Recommendation objective:
[2026-03-02 10:34:33]     Primary   : min_leftover
[2026-03-02 10:34:33]     Secondary : min_pallets
[2026-03-02 10:34:33] 
[2026-03-02 10:34:33]   HARDCODED PALLET STANDARDS (not user-configurable — requires code change):
[2026-03-02 10:34:33]     Recognised footprints : 115×115 cm, 115×108 cm, 115×77 cm, 77×77 cm
[2026-03-02 10:34:33]     Footprint tolerance   : ±2 cm  (raw dims snapped to nearest standard)
[2026-03-02 10:34:33]     Height bands          : <66 cm, 66–89 cm, 89–130 cm, >130 cm, 230 cm
[2026-03-02 10:34:33]     Stacking rules per band are fixed (see utils/oneDbuildblocks.py)
[2026-03-02 10:34:33] 
[2026-03-02 10:34:33]   HARDCODED COLUMN NAME ALIASES (Excel parsing):
[2026-03-02 10:34:33]     Pallet size  : 'Pallet and packing size', 'Pallet size', 'size'
[2026-03-02 10:34:33]     Qty          : 'External Packaging Quantity', 'Total order full pallets', ...
[2026-03-02 10:34:33]     Weight       : 'External Net weight', 'Net weight', 'Weight', ...
[2026-03-02 10:34:33]     NP type flag : 'NP' anywhere in pallet-type column triggers loose-box logic
[2026-03-02 10:34:33] 
[2026-03-02 10:34:33] ====================================================================
[2026-03-02 10:34:33] Base directory: /Users/yolina/Desktop/Container_packing_optimizer/app
[2026-03-02 10:34:33] Excel input: /Users/yolina/Desktop/Container_packing_optimizer/app/sample_instances/input_final.xlsx
[2026-03-02 10:34:33] === STEP 1: Parsing Excel ===
[2026-03-02 10:34:33] === STEP 2: Building Row-Blocks ===
[2026-03-02 10:34:33] === STEP 3: Solving Containers ===
[2026-03-02 10:49:37] ====================================================================
[2026-03-02 10:49:37]   OPTIMIZER ASSUMPTIONS & CONFIGURATION
[2026-03-02 10:49:37] ====================================================================
[2026-03-02 10:49:37] 
[2026-03-02 10:49:37]   Config source:
[2026-03-02 10:49:37]     /Users/yolina/Desktop/Container_packing_optimizer/optimizer_config.json
[2026-03-02 10:49:37] 
[2026-03-02 10:49:37]   Container dimensions (internal usable space):
[2026-03-02 10:49:37]     Length : 1203 cm
[2026-03-02 10:49:37]     Width  : 235 cm
[2026-03-02 10:49:37]     Height : 270 cm
[2026-03-02 10:49:37]     Door H : 250 cm  ← ceiling constraint for loading
[2026-03-02 10:49:37]     Max wt : 18,000 kg
[2026-03-02 10:49:37] 
[2026-03-02 10:49:37]   Packing parameters:
[2026-03-02 10:49:37]     Row gap         : 5 cm  (fork-lift clearance between pallet rows)
[2026-03-02 10:49:37]     Solver time cap : 10 s per container
[2026-03-02 10:49:37] 
[2026-03-02 10:49:37]   Recommendation objective:
[2026-03-02 10:49:37]     Primary   : min_leftover
[2026-03-02 10:49:37]     Secondary : min_pallets
[2026-03-02 10:49:37] 
[2026-03-02 10:49:37]   HARDCODED PALLET STANDARDS (not user-configurable — requires code change):
[2026-03-02 10:49:37]     Recognised footprints : 115×115 cm, 115×108 cm, 115×77 cm, 77×77 cm
[2026-03-02 10:49:37]     Footprint tolerance   : ±2 cm  (raw dims snapped to nearest standard)
[2026-03-02 10:49:37]     Height bands          : <66 cm, 66–89 cm, 89–130 cm, >130 cm, 230 cm
[2026-03-02 10:49:37]     Stacking rules per band are fixed (see utils/oneDbuildblocks.py)
[2026-03-02 10:49:37] 
[2026-03-02 10:49:37]   HARDCODED COLUMN NAME ALIASES (Excel parsing):
[2026-03-02 10:49:37]     Pallet size  : 'Pallet and packing size', 'Pallet size', 'size'
[2026-03-02 10:49:37]     Qty          : 'External Packaging Quantity', 'Total order full pallets', ...
[2026-03-02 10:49:37]     Weight       : 'External Net weight', 'Net weight', 'Weight', ...
[2026-03-02 10:49:37]     NP type flag : 'NP' anywhere in pallet-type column triggers loose-box logic
[2026-03-02 10:49:37] 
[2026-03-02 10:49:37] ====================================================================
[2026-03-02 10:49:37] Base directory: /Users/yolina/Desktop/Container_packing_optimizer/app
[2026-03-02 10:49:37] Excel input: /Users/yolina/Desktop/Container_packing_optimizer/app/sample_instances/input_final.xlsx
[2026-03-02 10:49:37] === STEP 1: Parsing Excel ===
[2026-03-02 10:49:37] === STEP 2: Building Row-Blocks ===
[2026-03-02 10:49:37] === STEP 3: Solving Containers ===
[2026-03-02 10:54:37] ====================================================================
[2026-03-02 10:54:37]   OPTIMIZER ASSUMPTIONS & CONFIGURATION
[2026-03-02 10:54:37] ====================================================================
[2026-03-02 10:54:37] 
[2026-03-02 10:54:37]   Config source:
[2026-03-02 10:54:37]     /Users/yolina/Desktop/Container_packing_optimizer/optimizer_config.json
[2026-03-02 10:54:37] 
[2026-03-02 10:54:37]   Container dimensions (internal usable space):
[2026-03-02 10:54:37]     Length : 1203 cm
[2026-03-02 10:54:37]     Width  : 235 cm
[2026-03-02 10:54:37]     Height : 270 cm
[2026-03-02 10:54:37]     Door H : 250 cm  ← ceiling constraint for loading
[2026-03-02 10:54:37]     Max wt : 18,000 kg
[2026-03-02 10:54:37] 
[2026-03-02 10:54:37]   Packing parameters:
[2026-03-02 10:54:37]     Row gap         : 5 cm  (fork-lift clearance between pallet rows)
[2026-03-02 10:54:37]     Solver time cap : 10 s per container
[2026-03-02 10:54:37] 
[2026-03-02 10:54:37]   Recommendation objective:
[2026-03-02 10:54:37]     Primary   : min_leftover
[2026-03-02 10:54:37]     Secondary : min_pallets
[2026-03-02 10:54:37] 
[2026-03-02 10:54:37]   HARDCODED PALLET STANDARDS (not user-configurable — requires code change):
[2026-03-02 10:54:37]     Recognised footprints : 115×115 cm, 115×108 cm, 115×77 cm, 77×77 cm
[2026-03-02 10:54:37]     Footprint tolerance   : ±2 cm  (raw dims snapped to nearest standard)
[2026-03-02 10:54:37]     Height bands          : <66 cm, 66–89 cm, 89–130 cm, >130 cm, 230 cm
[2026-03-02 10:54:37]     Stacking rules per band are fixed (see utils/oneDbuildblocks.py)
[2026-03-02 10:54:37] 
[2026-03-02 10:54:37]   HARDCODED COLUMN NAME ALIASES (Excel parsing):
[2026-03-02 10:54:37]     Pallet size  : 'Pallet and packing size', 'Pallet size', 'size'
[2026-03-02 10:54:37]     Qty          : 'External Packaging Quantity', 'Total order full pallets', ...
[2026-03-02 10:54:37]     Weight       : 'External Net weight', 'Net weight', 'Weight', ...
[2026-03-02 10:54:37]     NP type flag : 'NP' anywhere in pallet-type column triggers loose-box logic
[2026-03-02 10:54:37] 
[2026-03-02 10:54:37] ====================================================================
[2026-03-02 10:54:37] Base directory: /Users/yolina/Desktop/Container_packing_optimizer/app
[2026-03-02 10:54:37] Excel input: /Users/yolina/Desktop/Container_packing_optimizer/app/sample_instances/input_final.xlsx
[2026-03-02 10:54:37] === STEP 1: Parsing Excel ===
[2026-03-02 10:54:37] === STEP 2: Building Row-Blocks ===
[2026-03-02 10:54:37] === STEP 3: Solving Containers ===
[2026-03-02 10:54:58] ====================================================================
[2026-03-02 10:54:58]   OPTIMIZER ASSUMPTIONS & CONFIGURATION
[2026-03-02 10:54:58] ====================================================================
[2026-03-02 10:54:58] 
[2026-03-02 10:54:58]   Config source:
[2026-03-02 10:54:58]     /Users/yolina/Desktop/Container_packing_optimizer/optimizer_config.json
[2026-03-02 10:54:58] 
[2026-03-02 10:54:58]   Container dimensions (internal usable space):
[2026-03-02 10:54:58]     Length : 1203 cm
[2026-03-02 10:54:58]     Width  : 235 cm
[2026-03-02 10:54:58]     Height : 270 cm
[2026-03-02 10:54:58]     Door H : 259 cm  ← ceiling constraint for loading
[2026-03-02 10:54:58]     Max wt : 18,000 kg
[2026-03-02 10:54:58] 
[2026-03-02 10:54:58]   Packing parameters:
[2026-03-02 10:54:58]     Row gap         : 5 cm  (fork-lift clearance between pallet rows)
[2026-03-02 10:54:58]     Solver time cap : 10 s per container
[2026-03-02 10:54:58] 
[2026-03-02 10:54:58]   Recommendation objective:
[2026-03-02 10:54:58]     Primary   : min_leftover
[2026-03-02 10:54:58]     Secondary : min_pallets
[2026-03-02 10:54:58] 
[2026-03-02 10:54:58]   HARDCODED PALLET STANDARDS (not user-configurable — requires code change):
[2026-03-02 10:54:58]     Recognised footprints : 115×115 cm, 115×108 cm, 115×77 cm, 77×77 cm
[2026-03-02 10:54:58]     Footprint tolerance   : ±2 cm  (raw dims snapped to nearest standard)
[2026-03-02 10:54:58]     Height bands          : <66 cm, 66–89 cm, 89–130 cm, >130 cm, 230 cm
[2026-03-02 10:54:58]     Stacking rules per band are fixed (see utils/oneDbuildblocks.py)
[2026-03-02 10:54:58] 
[2026-03-02 10:54:58]   HARDCODED COLUMN NAME ALIASES (Excel parsing):
[2026-03-02 10:54:58]     Pallet size  : 'Pallet and packing size', 'Pallet size', 'size'
[2026-03-02 10:54:58]     Qty          : 'External Packaging Quantity', 'Total order full pallets', ...
[2026-03-02 10:54:58]     Weight       : 'External Net weight', 'Net weight', 'Weight', ...
[2026-03-02 10:54:58]     NP type flag : 'NP' anywhere in pallet-type column triggers loose-box logic
[2026-03-02 10:54:58] 
[2026-03-02 10:54:58] ====================================================================
[2026-03-02 10:54:58] Base directory: /Users/yolina/Desktop/Container_packing_optimizer/app
[2026-03-02 10:54:58] Excel input: /Users/yolina/Desktop/Container_packing_optimizer/app/sample_instances/input_final.xlsx
[2026-03-02 10:54:58] === STEP 1: Parsing Excel ===
[2026-03-02 10:54:58] === STEP 2: Building Row-Blocks ===
[2026-03-02 10:54:58] === STEP 3: Solving Containers ===
[2026-03-02 10:56:48] ====================================================================
[2026-03-02 10:56:48]   OPTIMIZER ASSUMPTIONS & CONFIGURATION
[2026-03-02 10:56:48] ====================================================================
[2026-03-02 10:56:48] 
[2026-03-02 10:56:48]   Config source:
[2026-03-02 10:56:48]     /Users/yolina/Desktop/Container_packing_optimizer/optimizer_config.json
[2026-03-02 10:56:48] 
[2026-03-02 10:56:48]   Container dimensions (internal usable space):
[2026-03-02 10:56:48]     Length : 1203 cm
[2026-03-02 10:56:48]     Width  : 235 cm
[2026-03-02 10:56:48]     Height : 270 cm
[2026-03-02 10:56:48]     Door H : 259 cm  ← ceiling constraint for loading
[2026-03-02 10:56:48]     Max wt : 18,000 kg
[2026-03-02 10:56:48] 
[2026-03-02 10:56:48]   Packing parameters:
[2026-03-02 10:56:48]     Row gap         : 5 cm  (fork-lift clearance between pallet rows)
[2026-03-02 10:56:48]     Solver time cap : 10 s per container
[2026-03-02 10:56:48] 
[2026-03-02 10:56:48]   Recommendation objective:
[2026-03-02 10:56:48]     Primary   : min_leftover
[2026-03-02 10:56:48]     Secondary : min_pallets
[2026-03-02 10:56:48] 
[2026-03-02 10:56:48]   HARDCODED PALLET STANDARDS (not user-configurable — requires code change):
[2026-03-02 10:56:48]     Recognised footprints : 115×115 cm, 115×108 cm, 115×77 cm, 77×77 cm
[2026-03-02 10:56:48]     Footprint tolerance   : ±2 cm  (raw dims snapped to nearest standard)
[2026-03-02 10:56:48]     Height bands          : <66 cm, 66–89 cm, 89–130 cm, >130 cm, 230 cm
[2026-03-02 10:56:48]     Stacking rules per band are fixed (see utils/oneDbuildblocks.py)
[2026-03-02 10:56:48] 
[2026-03-02 10:56:48]   HARDCODED COLUMN NAME ALIASES (Excel parsing):
[2026-03-02 10:56:48]     Pallet size  : 'Pallet and packing size', 'Pallet size', 'size'
[2026-03-02 10:56:48]     Qty          : 'External Packaging Quantity', 'Total order full pallets', ...
[2026-03-02 10:56:48]     Weight       : 'External Net weight', 'Net weight', 'Weight', ...
[2026-03-02 10:56:48]     NP type flag : 'NP' anywhere in pallet-type column triggers loose-box logic
[2026-03-02 10:56:48] 
[2026-03-02 10:56:48] ====================================================================
[2026-03-02 10:56:48] Base directory: /Users/yolina/Desktop/Container_packing_optimizer/app
[2026-03-02 10:56:48] Excel input: /Users/yolina/Desktop/Container_packing_optimizer/app/sample_instances/input_final.xlsx
[2026-03-02 10:56:48] === STEP 1: Parsing Excel ===
[2026-03-02 10:56:48] === STEP 2: Building Row-Blocks ===
[2026-03-02 10:56:48] === STEP 3: Solving Containers ===
[2026-03-02 10:56:49] === STEP 7: Assigning NP Boxes ===
[2026-03-02 10:56:49] === STEP 8: Fill Recommendations ===
[2026-03-02 10:56:49] Wrote recommendations: /Users/yolina/Desktop/Container_packing_optimizer/app/outputs/recommendations.json
[2026-03-02 10:56:49] === ALL CONTAINERS SOLVED ===
[2026-03-02 10:56:49] Wrote containers: /Users/yolina/Desktop/Container_packing_optimizer/app/outputs/containers.json
[2026-03-02 10:56:49] Wrote summary: /Users/yolina/Desktop/Container_packing_optimizer/app/outputs/summary.txt
[2026-03-02 10:56:49] === STEP 10: Excel Report ===
[2026-03-02 10:56:50] Wrote Excel report: /Users/yolina/Desktop/Container_packing_optimizer/app/outputs/report.xlsx
[2026-03-02 10:57:23] ====================================================================
[2026-03-02 10:57:23]   OPTIMIZER ASSUMPTIONS & CONFIGURATION
[2026-03-02 10:57:23] ====================================================================
[2026-03-02 10:57:23] 
[2026-03-02 10:57:23]   Config source:
[2026-03-02 10:57:23]     /Users/yolina/Desktop/Container_packing_optimizer/optimizer_config.json
[2026-03-02 10:57:23] 
[2026-03-02 10:57:23]   Container dimensions (internal usable space):
[2026-03-02 10:57:23]     Length : 1203 cm
[2026-03-02 10:57:23]     Width  : 235 cm
[2026-03-02 10:57:23]     Height : 270 cm
[2026-03-02 10:57:23]     Door H : 259 cm  ← ceiling constraint for loading
[2026-03-02 10:57:23]     Max wt : 18,000 kg
[2026-03-02 10:57:23] 
[2026-03-02 10:57:23]   Packing parameters:
[2026-03-02 10:57:23]     Row gap         : 5 cm  (fork-lift clearance between pallet rows)
[2026-03-02 10:57:23]     Solver time cap : 10 s per container
[2026-03-02 10:57:23] 
[2026-03-02 10:57:23]   Recommendation objective:
[2026-03-02 10:57:23]     Primary   : min_leftover
[2026-03-02 10:57:23]     Secondary : min_pallets
[2026-03-02 10:57:23] 
[2026-03-02 10:57:23]   HARDCODED PALLET STANDARDS (not user-configurable — requires code change):
[2026-03-02 10:57:23]     Recognised footprints : 115×115 cm, 115×108 cm, 115×77 cm, 77×77 cm
[2026-03-02 10:57:23]     Footprint tolerance   : ±2 cm  (raw dims snapped to nearest standard)
[2026-03-02 10:57:23]     Height bands          : <66 cm, 66–89 cm, 89–130 cm, >130 cm, 230 cm
[2026-03-02 10:57:23]     Stacking rules per band are fixed (see utils/oneDbuildblocks.py)
[2026-03-02 10:57:23] 
[2026-03-02 10:57:23]   HARDCODED COLUMN NAME ALIASES (Excel parsing):
[2026-03-02 10:57:23]     Pallet size  : 'Pallet and packing size', 'Pallet size', 'size'
[2026-03-02 10:57:23]     Qty          : 'External Packaging Quantity', 'Total order full pallets', ...
[2026-03-02 10:57:23]     Weight       : 'External Net weight', 'Net weight', 'Weight', ...
[2026-03-02 10:57:23]     NP type flag : 'NP' anywhere in pallet-type column triggers loose-box logic
[2026-03-02 10:57:23] 
[2026-03-02 10:57:23] ====================================================================
[2026-03-02 10:57:23] Base directory: /Users/yolina/Desktop/Container_packing_optimizer/app
[2026-03-02 10:57:23] Excel input: /Users/yolina/Desktop/Container_packing_optimizer/app/sample_instances/input_final.xlsx
[2026-03-02 10:57:23] === STEP 1: Parsing Excel ===
[2026-03-02 10:57:23] === STEP 2: Building Row-Blocks ===
[2026-03-02 10:57:23] === STEP 3: Solving Containers ===
[2026-03-02 10:57:24] === STEP 7: Assigning NP Boxes ===
[2026-03-02 10:57:24] === STEP 8: Fill Recommendations ===
[2026-03-02 10:57:24] Wrote recommendations: /Users/yolina/Desktop/Container_packing_optimizer/app/outputs/recommendations.json
[2026-03-02 10:57:24] === ALL CONTAINERS SOLVED ===
[2026-03-02 10:57:24] Wrote containers: /Users/yolina/Desktop/Container_packing_optimizer/app/outputs/containers.json
[2026-03-02 10:57:24] Wrote summary: /Users/yolina/Desktop/Container_packing_optimizer/app/outputs/summary.txt
[2026-03-02 10:57:24] === STEP 10: Excel Report ===
[2026-03-02 10:57:24] Wrote Excel report: /Users/yolina/Desktop/Container_packing_optimizer/app/outputs/report.xlsx
[2026-03-02 11:01:57] ====================================================================
[2026-03-02 11:01:57]   OPTIMIZER ASSUMPTIONS & CONFIGURATION
[2026-03-02 11:01:57] ====================================================================
[2026-03-02 11:01:57] 
[2026-03-02 11:01:57]   Config source:
[2026-03-02 11:01:57]     /Users/yolina/Desktop/Container_packing_optimizer/optimizer_config.json
[2026-03-02 11:01:57] 
[2026-03-02 11:01:57]   Container dimensions (internal usable space):
[2026-03-02 11:01:57]     Length : 1203 cm
[2026-03-02 11:01:57]     Width  : 235 cm
[2026-03-02 11:01:57]     Height : 270 cm
[2026-03-02 11:01:57]     Door H : 259 cm  ← ceiling constraint for loading
[2026-03-02 11:01:57]     Max wt : 18,000 kg
[2026-03-02 11:01:57] 
[2026-03-02 11:01:57]   Packing parameters:
[2026-03-02 11:01:57]     Row gap         : 5 cm  (fork-lift clearance between pallet rows)
[2026-03-02 11:01:57]     Solver time cap : 10 s per container
[2026-03-02 11:01:57] 
[2026-03-02 11:01:57]   Recommendation objective:
[2026-03-02 11:01:57]     Primary   : min_leftover
[2026-03-02 11:01:57]     Secondary : min_pallets
[2026-03-02 11:01:57] 
[2026-03-02 11:01:57]   HARDCODED PALLET STANDARDS (not user-configurable — requires code change):
[2026-03-02 11:01:57]     Recognised footprints : 115×115 cm, 115×108 cm, 115×77 cm, 77×77 cm
[2026-03-02 11:01:57]     Footprint tolerance   : ±2 cm  (raw dims snapped to nearest standard)
[2026-03-02 11:01:57]     Height bands          : <66 cm, 66–89 cm, 89–130 cm, >130 cm, 230 cm
[2026-03-02 11:01:57]     Stacking rules per band are fixed (see utils/oneDbuildblocks.py)
[2026-03-02 11:01:57] 
[2026-03-02 11:01:57]   HARDCODED COLUMN NAME ALIASES (Excel parsing):
[2026-03-02 11:01:57]     Pallet size  : 'Pallet and packing size', 'Pallet size', 'size'
[2026-03-02 11:01:57]     Qty          : 'External Packaging Quantity', 'Total order full pallets', ...
[2026-03-02 11:01:57]     Weight       : 'External Net weight', 'Net weight', 'Weight', ...
[2026-03-02 11:01:57]     NP type flag : 'NP' anywhere in pallet-type column triggers loose-box logic
[2026-03-02 11:01:57] 
[2026-03-02 11:01:57] ====================================================================
[2026-03-02 11:01:57] Base directory: /Users/yolina/Desktop/Container_packing_optimizer/app
[2026-03-02 11:01:57] Excel input: /Users/yolina/Desktop/Container_packing_optimizer/app/sample_instances/input_final.xlsx
[2026-03-02 11:01:57] === STEP 1: Parsing Excel ===
[2026-03-02 11:01:57] === STEP 2: Building Row-Blocks ===
[2026-03-02 11:01:57] === STEP 3: Solving Containers ===
[2026-03-02 11:01:58] === STEP 7: Assigning NP Boxes ===
[2026-03-02 11:01:58] === STEP 8: Fill Recommendations ===
[2026-03-02 11:01:58] Wrote recommendations: /Users/yolina/Desktop/Container_packing_optimizer/app/outputs/recommendations.json
[2026-03-02 11:01:58] === ALL CONTAINERS SOLVED ===
[2026-03-02 11:01:58] Wrote containers: /Users/yolina/Desktop/Container_packing_optimizer/app/outputs/containers.json
[2026-03-02 11:01:58] Wrote summary: /Users/yolina/Desktop/Container_packing_optimizer/app/outputs/summary.txt
[2026-03-02 11:01:58] === STEP 10: Excel Report ===
[2026-03-02 11:01:59] Wrote Excel report: /Users/yolina/Desktop/Container_packing_optimizer/app/outputs/report.xlsx
